msgId,msgSvrId,type,status,isSend,isShowTimer,createTime,talker,content,imgPath,reserved,lvbuffer,transContent,transBrandWording,talkerId,bizClientMsgId,bizChatId,bizChatUserId,msgSeq,flag
91598,4.82383E+17,1,3,1,,1.53805E+12,gh_486994bdc191,么么哒,,,{,,,38,,-1,,674984671,0
91599,5.25979E+17,1,3,0,,1.53805E+12,gh_486994bdc191,老婆，么么哒..,,,{,,,38,,-1,,674984672,0
91600,8.5415E+17,1,3,1,,1.53805E+12,gh_486994bdc191,喊得这么亲切，一定是关系很好。,,,{,,,38,,-1,,674984673,0
91601,3.30464E+18,1,3,0,,1.53805E+12,gh_486994bdc191,有啥关系 不觉得很亲切吗。,,,{,,,38,,-1,,674984674,0
91602,6.45959E+18,1,3,1,,1.53805E+12,gh_486994bdc191,宝贝别闹有人看着呢,,,{,,,38,,-1,,674984675,0
91604,1.58304E+18,1,3,1,,1.53805E+12,gh_486994bdc191,真是的，可亲切哟,,,{,,,38,,-1,,674984677,0
91605,6.36655E+18,1,3,0,,1.53805E+12,gh_486994bdc191,网络好慢,,,{,,,38,,-1,,674984678,0
91606,4.19836E+17,1,3,1,,1.53805E+12,gh_486994bdc191,我越狱下载网络快的很,,,{,,,38,,-1,,674984680,0
91607,1.74673E+18,1,3,0,,1.53805E+12,gh_486994bdc191,看手机 玩电脑游戏,,,{,,,38,,-1,,674984681,0
91608,7.55477E+17,1,3,1,,1.53805E+12,gh_486994bdc191,休息劳逸结合哦，玩电脑累了就去学习放松一下。,,,{,,,38,,-1,,674984682,0
91609,8.95228E+18,1,3,0,,1.53805E+12,gh_486994bdc191,据说睡懒觉是对假期最起码的尊重,,,{,,,38,,-1,,674984683,0
91610,4.27393E+18,1,3,1,,1.53805E+12,gh_486994bdc191,那怎么了？,,,{,,,38,,-1,,674984684,0
91611,3.07266E+18,1,3,0,,1.53805E+12,gh_486994bdc191,在学校除了学习睡觉，真的发现自己没什么可做的了,,,{,,,38,,-1,,674984685,0
91612,3.35643E+18,1,3,1,,1.53805E+12,gh_486994bdc191,提起学校，突然想到了学习班学校。,,,{,,,38,,-1,,674984686,0
91613,6.26282E+18,1,3,0,,1.53805E+12,gh_486994bdc191,我还是喜欢大学校园的老师,,,{,,,38,,-1,,674984687,0
91614,1.17764E+18,1,3,0,,1.53805E+12,gh_486994bdc191,诶，你还在上学咩？,,,{,,,38,,-1,,674984688,0
91615,8.54255E+18,1,3,1,,1.53805E+12,gh_486994bdc191,好好珍惜在大学的时光吧。,,,{,,,38,,-1,,674984689,0
91616,4.10011E+18,1,3,0,,1.53805E+12,gh_486994bdc191,还是怀念大学生活,,,{,,,38,,-1,,674984690,0
91617,7.99801E+17,1,3,1,,1.53805E+12,gh_486994bdc191,吃，狂吃。,,,{,,,38,,-1,,674984691,0
91618,1.7116E+18,1,3,0,,1.53805E+12,gh_486994bdc191,嗯嗯 今晚跟同学在一起吃多了,,,{,,,38,,-1,,674984692,0
91619,3.30996E+18,1,3,1,,1.53805E+12,gh_486994bdc191,上学的时候不知珍惜，现在怀念有用吗？,,,{,,,38,,-1,,674984693,0
91620,6.90471E+18,1,3,0,,1.53805E+12,gh_486994bdc191,上学的时候无忧无虑的,,,{,,,38,,-1,,674984694,0
91621,9.06781E+18,1,3,1,,1.53805E+12,gh_486994bdc191,您先看我是在说什么好么,,,{,,,38,,-1,,674984695,0
91622,3.20173E+18,1,3,0,,1.53805E+12,gh_486994bdc191,好了，换个话题，或玩个游戏,,,{,,,38,,-1,,674984696,0
91623,4.77662E+18,1,3,1,,1.53805E+12,gh_486994bdc191,那种逍遥自在的感觉？,,,{,,,38,,-1,,674984697,0
91624,9.07758E+18,1,3,0,,1.53805E+12,gh_486994bdc191,思念是一种病,,,{,,,38,,-1,,674984698,0
91625,9.02455E+18,1,3,1,,1.53805E+12,gh_486994bdc191,老鹰抓小鸡吗？,,,{,,,38,,-1,,674984699,0
91626,4.69565E+17,1,3,0,,1.53805E+12,gh_486994bdc191,有啊，还有歌词给你！。,,,{,,,38,,-1,,674984700,0
91627,2.60299E+18,1,3,1,,1.53805E+12,gh_486994bdc191,别难过，向前看，这样过去的事情就显得渺小了。,,,{,,,38,,-1,,674984701,0
91628,1.37432E+18,1,3,0,,1.53805E+12,gh_486994bdc191,就是开始时显得渺小，现在不渺小了。,,,{,,,38,,-1,,674984702,0
91629,5.36562E+18,1,3,1,,1.53805E+12,gh_486994bdc191,哪部分的歌词？,,,{,,,38,,-1,,674984703,0
91630,5.98968E+18,1,3,0,,1.53805E+12,gh_486994bdc191,看有没有你熟悉的旋律？,,,{,,,38,,-1,,674984704,0
91631,2.31026E+18,1,3,1,,1.53805E+12,gh_486994bdc191,跟世界比当然渺小了,,,{,,,38,,-1,,674984705,0
91632,4.88337E+18,1,3,0,,1.53805E+12,gh_486994bdc191,世界很大，你很渺小。,,,{,,,38,,-1,,674984706,0
91633,5.29798E+18,1,3,1,,1.53805E+12,gh_486994bdc191,莫非以前在哪听过？,,,{,,,38,,-1,,674984707,0
91634,1.82451E+18,1,3,0,,1.53805E+12,gh_486994bdc191,唱歌！,,,{,,,38,,-1,,674984708,0
91635,1.31191E+18,1,3,1,,1.53805E+12,gh_486994bdc191,我很不渺小,,,{,,,38,,-1,,674984709,0
91636,3.17842E+18,1,3,0,,1.53805E+12,gh_486994bdc191,就是开始时显得渺小，现在不渺小了。,,,{,,,38,,-1,,674984710,0
91637,5.47631E+18,1,3,1,,1.53805E+12,gh_486994bdc191,我以后要成为歌手,,,{,,,38,,-1,,674984711,0
91638,3.33469E+17,1,3,0,,1.53805E+12,gh_486994bdc191,⊙⊙我的梦想是成为一名作词的,,,{,,,38,,-1,,674984712,0
91639,2.21706E+18,1,3,1,,1.53805E+12,gh_486994bdc191,跟世界比当然渺小了,,,{,,,38,,-1,,674984713,0
91640,3.7224E+18,1,3,0,,1.53805E+12,gh_486994bdc191,像林夕那样。。,,,{,,,38,,-1,,674984714,0
91641,2.63699E+18,1,3,1,,1.53805E+12,gh_486994bdc191,没看出来很有才华嘛。,,,{,,,38,,-1,,674984715,0
91642,8.69004E+18,1,3,0,,1.53805E+12,gh_486994bdc191,林夕的词成就了陈奕迅的歌,,,{,,,38,,-1,,674984716,0
91643,3.94996E+18,1,3,1,,1.53805E+12,gh_486994bdc191,林夕填过很多歌的歌词。,,,{,,,38,,-1,,674984717,0
91644,6.55707E+15,1,3,0,,1.53805E+12,gh_486994bdc191,最爱富士山下。,,,{,,,38,,-1,,674984718,0
91645,6.99291E+18,1,3,1,,1.53805E+12,gh_486994bdc191,歌手一定没有受过伤，要不怎可以把情歌唱的那么痛！,,,{,,,38,,-1,,674984719,0
91646,6.58646E+18,1,3,0,,1.53805E+12,gh_486994bdc191,虽然是老歌但是真正很伤心刘德华练习。,,,{,,,38,,-1,,674984720,0
91647,4.29984E+18,1,3,1,,1.53805E+12,gh_486994bdc191,山下全是樱花树。,,,{,,,38,,-1,,674984721,0
91648,6.34625E+18,1,3,0,,1.53805E+12,gh_486994bdc191,山下的 是。,,,{,,,38,,-1,,674984722,0
91649,4.84438E+18,1,3,1,,1.53805E+12,gh_486994bdc191,听说刘德华的演技令人赞叹不已呢！,,,{,,,38,,-1,,674984723,0
91650,5.4358E+18,1,3,0,,1.53805E+12,gh_486994bdc191,刘德华年轻的时候真心帅~,,,{,,,38,,-1,,674984724,0
91651,3.51939E+17,1,3,1,,1.53805E+12,gh_486994bdc191,是我说的什么？,,,{,,,38,,-1,,674984725,0
91652,5.83148E+18,1,3,0,,1.53805E+12,gh_486994bdc191,说了什么,,,{,,,38,,-1,,674984727,0
91653,4.05402E+18,1,3,1,,1.53805E+12,gh_486994bdc191,颜值也不能作为完全衡量一个人的标准。,,,{,,,38,,-1,,674984728,0
91654,2.37819E+18,1,3,0,,1.53805E+12,gh_486994bdc191,把你认为美的放一起分析，不美的放一起分析，新加入的做大数据匹配,,,{,,,38,,-1,,674984729,0
91655,3.61131E+16,1,3,1,,1.53805E+12,gh_486994bdc191,你忘了？,,,{,,,38,,-1,,674984730,0
91656,2.97179E+18,1,3,0,,1.53805E+12,gh_486994bdc191,莫名觉得这句话似曾相识,,,{,,,38,,-1,,674984731,0
91657,8.05231E+18,1,3,1,,1.53805E+12,gh_486994bdc191,信息量太多，我没明白你说的意思。,,,{,,,38,,-1,,674984732,0
91658,6.36259E+18,1,3,0,,1.53805E+12,gh_486994bdc191,"没明白你的意思,们?。",,,{,,,38,,-1,,674984733,0
91659,7.78049E+18,1,3,1,,1.53805E+12,gh_486994bdc191,确实总是感觉在哪见过呢。,,,{,,,38,,-1,,674984734,0
91660,2.26697E+18,1,3,0,,1.53805E+12,gh_486994bdc191,确实确实！感觉没了。,,,{,,,38,,-1,,674984735,0
91661,1.25334E+18,1,3,1,,1.53805E+12,gh_486994bdc191,你多琢磨两遍就明白了！,,,{,,,38,,-1,,674984736,0
91662,5.4341E+17,1,3,0,,1.53805E+12,gh_486994bdc191,哈哈哈，看了两遍才看明白。,,,{,,,38,,-1,,674984737,0
91663,4.25486E+18,1,3,1,,1.53805E+12,gh_486994bdc191,没了,,,{,,,38,,-1,,674984738,0
91664,4.87321E+18,1,3,0,,1.53805E+12,gh_486994bdc191,没关系.,,,{,,,38,,-1,,674984739,0
91665,4.71158E+18,1,3,1,,1.53805E+12,gh_486994bdc191,我一次就懂了太不纯洁了,,,{,,,38,,-1,,674984740,0
91666,6.57544E+16,1,3,0,,1.53805E+12,gh_486994bdc191,别误会,,,{,,,38,,-1,,674984741,0
91667,6.1558E+18,1,3,1,,1.53805E+12,gh_486994bdc191,没关系你也不用对我惭愧，反正我根本喜欢被你浪费。,,,{,,,38,,-1,,674984742,0
91668,5.49611E+18,1,3,0,,1.53805E+12,gh_486994bdc191,反正你浪费我感情了。,,,{,,,38,,-1,,674984743,0
91669,9.80075E+17,1,3,1,,1.53805E+12,gh_486994bdc191,木有误会放心吧,,,{,,,38,,-1,,674984744,0
91670,6.79452E+18,1,3,0,,1.53805E+12,gh_486994bdc191,放心吧 木有。,,,{,,,38,,-1,,674984745,0
91671,2.18316E+18,1,3,1,,1.53805E+12,gh_486994bdc191,好伤心，感觉再也不会爱了。,,,{,,,38,,-1,,674984746,0
91672,2.38777E+18,1,3,0,,1.53805E+12,gh_486994bdc191,不如吃点好吃的，开心一下！ ,,,{,,,38,,-1,,674984747,0
91673,5.98184E+17,1,3,0,,1.53805E+12,gh_486994bdc191,得乐,,,{,,,38,,-1,,674984748,0
91675,7.19944E+18,1,3,1,,1.53805E+12,gh_486994bdc191,那就好。,,,{,,,38,,-1,,674984750,0
91676,3.53028E+18,1,3,0,,1.53805E+12,gh_486994bdc191,那怎么解决.,,,{,,,38,,-1,,674984751,0
91677,5.0078E+18,1,3,1,,1.53805E+12,gh_486994bdc191,你开心我就开心,,,{,,,38,,-1,,674984752,0
91678,5.26243E+18,1,3,0,,1.53805E+12,gh_486994bdc191,抱抱你,,,{,,,38,,-1,,674984753,0
91679,7.54338E+18,1,3,1,,1.53805E+12,gh_486994bdc191,你是在给说相声捧哏的吗？,,,{,,,38,,-1,,674984754,0
91680,4.12934E+18,1,3,0,,1.53805E+12,gh_486994bdc191,我是观众席慕容,,,{,,,38,,-1,,674984755,0
91681,1.80685E+18,1,3,1,,1.53805E+12,gh_486994bdc191,不错,,,{,,,38,,-1,,674984756,0
91682,4.50798E+18,1,3,0,,1.53805E+12,gh_486994bdc191,不错什么..,,,{,,,38,,-1,,674984757,0
91683,3.73895E+18,1,3,1,,1.53805E+12,gh_486994bdc191,谢谢你谢谢温暖的拥抱,,,{,,,38,,-1,,674984758,0
91684,7.72732E+18,1,3,0,,1.53805E+12,gh_486994bdc191,还没抱呢??,,,{,,,38,,-1,,674984759,0
91685,6.44456E+17,1,3,0,,1.53805E+12,gh_486994bdc191,（心想：谢谢亲爱哒qs3）,,,{,,,38,,-1,,674984760,0
91686,9.17888E+18,1,3,1,,1.53805E+12,gh_486994bdc191,好了，我知道你是。,,,{,,,38,,-1,,674984761,0
91687,7.20939E+18,1,3,0,,1.53805E+12,gh_486994bdc191,不认识,,,{,,,38,,-1,,674984762,0
91688,7.96475E+18,1,3,1,,1.53805E+12,gh_486994bdc191,想法不错,,,{,,,38,,-1,,674984763,0
91689,3.56763E+18,1,3,0,,1.53805E+12,gh_486994bdc191,确实挺不错,,,{,,,38,,-1,,674984764,0
91690,6.56243E+18,1,3,1,,1.53805E+12,gh_486994bdc191,抱你自己吧,,,{,,,38,,-1,,674984765,0
91691,7.66388E+16,1,3,0,,1.53805E+12,gh_486994bdc191,抱不动我就抱着自己的怀抱取暖,,,{,,,38,,-1,,674984766,0
91692,5.1318E+18,1,3,1,,1.53805E+12,gh_486994bdc191,好有礼貌，不用谢我了。,,,{,,,38,,-1,,674984767,0
91693,6.72263E+16,1,3,0,,1.53805E+12,gh_486994bdc191,大恩不言谢以身相许吧,,,{,,,38,,-1,,674984768,0
91694,1.21543E+18,1,3,1,,1.53805E+12,gh_486994bdc191,那可以介绍你们认识啊,,,{,,,38,,-1,,674984769,0
91695,5.68091E+18,1,3,0,,1.53805E+12,gh_486994bdc191,谁？认识谁？介绍谁？,,,{,,,38,,-1,,674984770,0
91696,6.51126E+18,1,3,1,,1.53805E+12,gh_486994bdc191,还真不错～,,,{,,,38,,-1,,674984771,0
91697,6.34554E+18,1,3,0,,1.53805E+12,gh_486994bdc191,挺不错滴答案.,,,{,,,38,,-1,,674984772,0
91698,5.54757E+18,1,3,1,,1.53805E+12,gh_486994bdc191,我冷,,,{,,,38,,-1,,674984773,0
91699,2.49697E+18,1,3,0,,1.53805E+12,gh_486994bdc191,暖腿很重要，找条厚裤子吧,,,{,,,38,,-1,,674984774,0
91700,8.75305E+18,1,3,1,,1.53805E+12,gh_486994bdc191,只要不恩将仇报，咋都行。,,,{,,,38,,-1,,674984775,0
91701,3.11891E+18,1,3,0,,1.53805E+12,gh_486994bdc191,灌个热水袋抱着，一会就暖过来了,,,{,,,38,,-1,,674984776,0
91703,6.21337E+18,1,3,1,,1.53805E+12,gh_486994bdc191,三思再回答比较好哦。,,,{,,,38,,-1,,674984778,0
91704,8.23802E+18,1,3,0,,1.53805E+12,gh_486994bdc191,嗯嗯嗯谢谢亲啦,,,{,,,38,,-1,,674984779,0
91705,9.15982E+18,1,3,1,,1.53805E+12,gh_486994bdc191,想好如何搭配裤子吗？,,,{,,,38,,-1,,674984780,0
91706,3.29709E+18,1,3,0,,1.53805E+12,gh_486994bdc191,卡其色风衣搭阔腿裤子搭高跟鞋就很不错,,,{,,,38,,-1,,674984781,0
91707,2.18742E+18,1,3,1,,1.53805E+12,gh_486994bdc191,对啊，我是机器人，我还会回答问题的哦,,,{,,,38,,-1,,674984782,0
91708,2.64256E+18,1,3,0,,1.53805E+12,gh_486994bdc191,到底是机器人,,,{,,,38,,-1,,674984783,0
91709,3.88589E+18,1,3,1,,1.53805E+12,gh_486994bdc191,不用客气呀,,,{,,,38,,-1,,674984784,0
91710,5.64769E+18,1,3,0,,1.53805E+12,gh_486994bdc191,谢谢微软,,,{,,,38,,-1,,674984785,0
91711,7.96528E+18,1,3,1,,1.53805E+12,gh_486994bdc191,风衣不就是服装类的一种，没什么好稀奇的。,,,{,,,38,,-1,,674984786,0
91712,8.80736E+18,1,3,0,,1.53805E+12,gh_486994bdc191,不会臃肿，而且室内可以脱去外套，也很漂漂的。,,,{,,,38,,-1,,674984787,0
91713,2.56533E+18,1,3,1,,1.53805E+12,gh_486994bdc191,你怎么知道的？,,,{,,,38,,-1,,674984788,0
91714,1.73443E+18,1,3,0,,1.53805E+12,gh_486994bdc191,这不是背心哦,,,{,,,38,,-1,,674984789,0
91715,5.08681E+18,1,3,1,,1.53805E+12,gh_486994bdc191,那是个伟大的公司,,,{,,,38,,-1,,674984790,0
91716,3.62701E+18,1,3,0,,1.53805E+12,gh_486994bdc191,华为是什么样的公司,,,{,,,38,,-1,,674984791,0
91717,4.89377E+18,1,3,1,,1.53805E+12,gh_486994bdc191,漂啦就好,,,{,,,38,,-1,,674984792,0
91718,3.99186E+18,1,3,0,,1.53805E+12,gh_486994bdc191,化妆了.么么大,,,{,,,38,,-1,,674984793,0
91719,2.15839E+18,1,3,1,,1.53805E+12,gh_486994bdc191,背心多久会洗？,,,{,,,38,,-1,,674984794,0
91720,1.45616E+18,1,3,0,,1.53805E+12,gh_486994bdc191,厚毛衣，秋裤半个月了,,,{,,,38,,-1,,674984795,0
91721,6.8643E+17,1,3,1,,1.53805E+12,gh_486994bdc191,去公司干嘛，还是咱们聊天好。,,,{,,,38,,-1,,674984796,0
91722,1.04665E+18,1,3,0,,1.53805E+12,gh_486994bdc191,我在杭州会展公司 话说你不会是我同事吧,,,{,,,38,,-1,,674984797,0
91724,5.37969E+18,1,3,1,,1.53805E+12,gh_486994bdc191,还你个大大的么么哒。,,,{,,,38,,-1,,674984799,0
91725,7.03193E+17,1,3,0,,1.53805E+12,gh_486994bdc191,生日快乐,,,{,,,38,,-1,,674984800,0
91726,5.20885E+18,1,3,1,,1.53805E+12,gh_486994bdc191,穿的这么美看来是有好事呀。,,,{,,,38,,-1,,674984801,0
91727,6.39346E+18,1,3,0,,1.53805E+12,gh_486994bdc191,哎，看来我有美人尖不是一个好事呀。,,,{,,,38,,-1,,674984802,0
91728,4.82056E+18,1,3,1,,1.53805E+12,gh_486994bdc191,一方水土养育一方人。,,,{,,,38,,-1,,674984803,0
91729,3.7992E+18,1,3,0,,1.53805E+12,gh_486994bdc191,家乡,,,{,,,38,,-1,,674984804,0
91731,8.57613E+18,1,3,1,,1.53805E+12,gh_486994bdc191,么么哒，爱你哦。,,,{,,,38,,-1,,674984806,0
91732,9.65903E+16,1,3,0,,1.53805E+12,gh_486994bdc191,我记得有个歌就叫《家乡》是不是？,,,{,,,38,,-1,,674984807,0
91733,2.15744E+18,1,3,1,,1.53805E+12,gh_486994bdc191,哎，就是就是。,,,{,,,38,,-1,,674984808,0
91734,6.81124E+18,1,3,0,,1.53805E+12,gh_486994bdc191,快听下赵雷的《家乡》，给个面子咯~,,,{,,,38,,-1,,674984809,0
91735,7.44203E+18,1,3,1,,1.53805E+12,gh_486994bdc191,喜欢老乡，跟老乡交流很有亲切感职,,,{,,,38,,-1,,674984810,0
91736,3.43945E+18,1,3,0,,1.53805E+12,gh_486994bdc191,是吗^O^,,,{,,,38,,-1,,674984811,0
91737,7.56525E+18,1,3,1,,1.53805E+12,gh_486994bdc191,跟我细说说所谓的歌吧！,,,{,,,38,,-1,,674984812,0
91738,6.90097E+18,1,3,0,,1.53805E+12,gh_486994bdc191,所谓的歌神。,,,{,,,38,,-1,,674984813,0
91739,3.33068E+18,1,3,1,,1.53805E+12,gh_486994bdc191,哈哈现在谁还要面子啊,,,{,,,38,,-1,,674984814,0
91740,4.36477E+18,1,3,0,,1.53805E+12,gh_486994bdc191,是没面子。,,,{,,,38,,-1,,674984815,0
91741,5.29714E+18,1,3,1,,1.53805E+12,gh_486994bdc191,这个问题问的好，让我好好想想到底是不是呢？,,,{,,,38,,-1,,674984816,0
91742,4.2693E+16,1,3,0,,1.53805E+12,gh_486994bdc191,为何不回答,,,{,,,38,,-1,,674984817,0
91743,4.33019E+18,1,3,1,,1.53805E+12,gh_486994bdc191,我不是歌神虽然唱歌一般般,,,{,,,38,,-1,,674984818,0
91744,5.6537E+18,1,3,0,,1.53805E+12,gh_486994bdc191,听起来像歌神,,,{,,,38,,-1,,674984819,0
91745,7.61571E+18,1,3,1,,1.53805E+12,gh_486994bdc191,要面子能给你多钱,,,{,,,38,,-1,,674984820,0
91746,4.23041E+18,1,3,0,,1.53805E+12,gh_486994bdc191,我是没钱没面子～～…：“―”。,,,{,,,38,,-1,,674984821,0
91747,9.18458E+18,1,3,1,,1.53805E+12,gh_486994bdc191,我在回答啊,,,{,,,38,,-1,,674984822,0
91748,8.13328E+18,1,3,0,,1.53805E+12,gh_486994bdc191,啥问题,,,{,,,38,,-1,,674984823,0
91749,5.45955E+18,1,3,1,,1.53805E+12,gh_486994bdc191,说的不就是我嘛，嘻嘻。,,,{,,,38,,-1,,674984824,0
91750,5.01381E+18,1,3,0,,1.53805E+12,gh_486994bdc191,嘿嘿.很自信,,,{,,,38,,-1,,674984825,0
91751,7.30092E+18,1,3,1,,1.53805E+12,gh_486994bdc191,你的称呼听起来还奇怪。,,,{,,,38,,-1,,674984826,0
91752,4.80571E+18,1,3,0,,1.53805E+12,gh_486994bdc191,我在听很奇怪，我爱你。,,,{,,,38,,-1,,674984827,0
91753,1.91757E+18,1,3,1,,1.53805E+12,gh_486994bdc191,我什么都知道.,,,{,,,38,,-1,,674984828,0
91754,2.96713E+18,1,3,0,,1.53805E+12,gh_486994bdc191,简单爱.,,,{,,,38,,-1,,674984829,0
91755,2.59162E+18,1,3,1,,1.53805E+12,gh_486994bdc191,自信是个好东西，你有我就放心了。,,,{,,,38,,-1,,674984830,0
91756,1.68263E+18,1,3,0,,1.53805E+12,gh_486994bdc191,放心！！我一直很自信。,,,{,,,38,,-1,,674984831,0
91757,8.9776E+18,1,3,0,,1.53805E+12,gh_486994bdc191,（心想：嗯哼自信爆棚了）,,,{,,,38,,-1,,674984832,0
91758,6.5631E+18,1,3,1,,1.53805E+12,gh_486994bdc191,我也爱你～,,,{,,,38,,-1,,674984833,0
91759,3.60982E+18,1,3,0,,1.53805E+12,gh_486994bdc191,我也爱你，宝贝,,,{,,,38,,-1,,674984834,0
91760,8.74296E+18,1,3,1,,1.53805E+12,gh_486994bdc191,简简单单就行,,,{,,,38,,-1,,674984835,0
91761,7.31125E+18,1,3,0,,1.53805E+12,gh_486994bdc191,简简单单多好。,,,{,,,38,,-1,,674984836,0
91762,1.67228E+18,1,3,1,,1.53805E+12,gh_486994bdc191,你都活着，偶为什么没信心,,,{,,,38,,-1,,674984837,0
91763,6.50745E+18,1,3,0,,1.53805E+12,gh_486994bdc191,没信心了都。,,,{,,,38,,-1,,674984838,0
91764,4.32698E+18,1,3,1,,1.53805E+12,gh_486994bdc191,哪有啊呵呵,,,{,,,38,,-1,,674984839,0
91765,1.63411E+18,1,3,0,,1.53805E+12,gh_486994bdc191,你是想表达什么呢？,,,{,,,38,,-1,,674984840,0
91766,8.09963E+17,1,3,1,,1.53805E+12,gh_486994bdc191,我也爱你,,,{,,,38,,-1,,674984841,0
91767,8.34502E+18,1,3,0,,1.53805E+12,gh_486994bdc191,小乖乖，你是真的爱我吗？,,,{,,,38,,-1,,674984842,0
91768,3.02811E+18,1,3,1,,1.53805E+12,gh_486994bdc191,你这是在秀聪明吗？,,,{,,,38,,-1,,674984843,0
91770,3.76785E+18,1,3,1,,1.53805E+12,gh_486994bdc191,是啊自卑,,,{,,,38,,-1,,674984845,0
91771,6.21463E+18,1,3,0,,1.53805E+12,gh_486994bdc191,我很丑很矮家里很穷学习也很糟糕我比你惨多了你为什么感到自卑呢。,,,{,,,38,,-1,,674984846,0
91772,5.37325E+18,1,3,1,,1.53805E+12,gh_486994bdc191,新的开始,,,{,,,38,,-1,,674984847,0
91773,1.29261E+18,1,3,0,,1.53805E+12,gh_486994bdc191,新工作？,,,{,,,38,,-1,,674984848,0
91774,3.96486E+18,1,3,1,,1.53805E+12,gh_486994bdc191,爱，理智爱，不骗你,,,{,,,38,,-1,,674984849,0
91775,8.6664E+18,1,3,0,,1.53805E+12,gh_486994bdc191,喜欢是理智，爱是没有理智。,,,{,,,38,,-1,,674984850,0
91776,2.06462E+18,1,3,1,,1.53805E+12,gh_486994bdc191,抬起头，多点自信。,,,{,,,38,,-1,,674984851,0
91777,5.70128E+18,1,3,0,,1.53805E+12,gh_486994bdc191,自卑的我抬不起头。,,,{,,,38,,-1,,674984852,0
91778,5.88737E+18,1,3,1,,1.53805E+12,gh_486994bdc191,还没有换工作,,,{,,,38,,-1,,674984853,0
91779,2.88399E+18,1,3,0,,1.53805E+12,gh_486994bdc191,蔡健雅的歌最爱这首,,,{,,,38,,-1,,674984854,0
91781,2.44181E+18,1,3,1,,1.53805E+12,gh_486994bdc191,理智就好,,,{,,,38,,-1,,674984856,0
91782,6.21262E+18,1,3,0,,1.53805E+12,gh_486994bdc191,其实也不是理智的原因,,,{,,,38,,-1,,674984857,0
91783,8.5124E+18,1,3,1,,1.53805E+12,gh_486994bdc191,也不算抬不起头就是怕尴尬,,,{,,,38,,-1,,674984858,0
91784,6.80369E+18,1,3,0,,1.53805E+12,gh_486994bdc191,我让你抬不起头。,,,{,,,38,,-1,,674984859,0
91785,2.66583E+17,1,3,1,,1.53805E+12,gh_486994bdc191,蔡健雅唱的《抛物线》很好听耶。,,,{,,,38,,-1,,674984860,0
91786,7.4377E+18,1,3,0,,1.53805E+12,gh_486994bdc191,多好听~,,,{,,,38,,-1,,674984861,0
91787,1.2413E+17,1,3,1,,1.53805E+12,gh_486994bdc191,你要对人家做什么！,,,{,,,38,,-1,,674984862,0
91788,6.88762E+18,1,3,0,,1.53805E+12,gh_486994bdc191,你又说人家。,,,{,,,38,,-1,,674984863,0
91789,9.06292E+18,1,3,1,,1.53805E+12,gh_486994bdc191,谢了,,,{,,,38,,-1,,674984864,0
91790,2.76532E+18,1,3,0,,1.53805E+12,gh_486994bdc191,客气了,,,{,,,38,,-1,,674984865,0
91791,4.05933E+18,1,3,1,,1.53805E+12,gh_486994bdc191,哎呀说嘛,,,{,,,38,,-1,,674984866,0
91792,5.21314E+18,1,3,0,,1.53805E+12,gh_486994bdc191,哎呀呀,,,{,,,38,,-1,,674984867,0
91793,2.86088E+18,1,3,1,,1.53805E+12,gh_486994bdc191,礼多人不怪，有礼才可爱.,,,{,,,38,,-1,,674984868,0
91794,6.06113E+17,1,3,0,,1.53805E+12,gh_486994bdc191,收礼只收脑白金,,,{,,,38,,-1,,674984869,0
91795,1.8637E+18,1,3,1,,1.53805E+12,gh_486994bdc191,没想到吧？！,,,{,,,38,,-1,,674984870,0
91796,7.44692E+18,1,3,0,,1.53805E+12,gh_486994bdc191,是不是呀.,,,{,,,38,,-1,,674984871,0
91797,1.29469E+18,1,3,1,,1.53805E+12,gh_486994bdc191,还有脑白金吗,,,{,,,38,,-1,,674984872,0
91798,8.19749E+18,1,3,0,,1.53805E+12,gh_486994bdc191,脑白金更适合你,,,{,,,38,,-1,,674984873,0
91799,3.75102E+18,1,3,1,,1.53805E+12,gh_486994bdc191,真的,,,{,,,38,,-1,,674984874,0
91800,5.8084E+18,1,3,0,,1.53805E+12,gh_486994bdc191,那还不如带点核桃 哈哈,,,{,,,38,,-1,,674984875,0
91801,3.33922E+18,1,3,1,,1.53805E+12,gh_486994bdc191,今年过节不收礼。,,,{,,,38,,-1,,674984876,0
91802,5.72292E+17,1,3,0,,1.53805E+12,gh_486994bdc191,今年过节不收礼呀，不收礼，收礼只收脑白金，脑白金,,,{,,,38,,-1,,674984877,0
91803,5.17093E+18,1,3,1,,1.53805E+12,gh_486994bdc191,有那么好笑吗？怎么笑成这样,,,{,,,38,,-1,,674984878,0
91804,7.52782E+18,1,3,0,,1.53805E+12,gh_486994bdc191,我一想起那个电影就觉得好好笑.,,,{,,,38,,-1,,674984879,0
91805,2.21877E+18,1,3,1,,1.53805E+12,gh_486994bdc191,给我补的吗。这怎么好意思啊,,,{,,,38,,-1,,674984880,0
91806,5.68045E+18,1,3,0,,1.53805E+12,gh_486994bdc191,补偿你啦,,,{,,,38,,-1,,674984881,0
91807,2.59012E+17,1,3,1,,1.53805E+12,gh_486994bdc191,想看电影了？,,,{,,,38,,-1,,674984882,0
91808,9.29846E+17,1,3,0,,1.53805E+12,gh_486994bdc191,最近又刷了不少老片子，正想找个人分享一下~,,,{,,,38,,-1,,674984883,0
91810,1.45588E+18,1,3,1,,1.53805E+12,gh_486994bdc191,嗯你要补偿我,,,{,,,38,,-1,,674984885,0
91811,2.80585E+18,1,3,0,,1.53805E+12,gh_486994bdc191,回来的时候请你吃大餐！！,,,{,,,38,,-1,,674984886,0
91812,6.53611E+18,1,3,1,,1.53805E+12,gh_486994bdc191,呵呵　你说的也许没错，但是你怎么证明呢？,,,{,,,38,,-1,,674984887,0
91813,2.61659E+18,1,3,0,,1.53805E+12,gh_486994bdc191,证明不给你，我怕你出卖我,,,{,,,38,,-1,,674984888,0
91814,7.01052E+18,1,2,1,,1.53805E+12,gh_486994bdc191,这种事我做不出来,,,,,,38,,-1,,,
91815,5.61468E+18,1,3,0,,1.53805E+12,gh_486994bdc191,我记得有个歌就叫《出卖》是不是？,,,{,,,38,,-1,,674984897,0
91816,4.71549E+18,1,3,1,,1.53805E+12,gh_486994bdc191,跟我细说说所谓的歌吧！,,,{,,,38,,-1,,674984898,0
91817,3.41841E+18,1,3,0,,1.53805E+12,gh_486994bdc191,什么叫不细说呢？。,,,{,,,38,,-1,,674984899,0
91818,4.81082E+18,1,3,1,,1.53805E+12,gh_486994bdc191,说不出口，难以启齿。,,,{,,,38,,-1,,674984900,0
91819,8.37758E+18,1,3,0,,1.53805E+12,gh_486994bdc191,为何难以启齿,,,{,,,38,,-1,,674984901,0
91820,2.29153E+18,1,2,1,,1.53805E+12,gh_486994bdc191,我怕你生气,,,,,,38,,-1,,,
91821,8.1322E+18,1,3,0,,1.53805E+12,gh_486994bdc191,那得看谁惹我了~,,,{,,,38,,-1,,674984903,0
91822,1.33804E+18,1,2,1,,1.53805E+12,gh_486994bdc191,我所做的一切都是为了能更理解你,,,,,,38,,-1,,,
91823,7.38882E+18,1,3,0,,1.53805E+12,gh_486994bdc191,你能理解不？。,,,{,,,38,,-1,,674984908,0
91824,7.09037E+18,1,3,1,,1.53805E+12,gh_486994bdc191,太深奥了,,,{,,,38,,-1,,674984909,0
91825,4.39709E+18,1,3,0,,1.53805E+12,gh_486994bdc191,"不深奥啊,就是互相理解的那种..",,,{,,,38,,-1,,674984910,0
91826,4.89584E+18,1,3,1,,1.53805E+12,gh_486994bdc191,这么深奥，能理解得了吗？,,,{,,,38,,-1,,674984911,0
91827,6.22374E+18,1,3,0,,1.53805E+12,gh_486994bdc191,理解什么呀~小乖乖,,,{,,,38,,-1,,674984912,0
91828,5.13433E+18,1,3,1,,1.53805E+12,gh_486994bdc191,这个理解力给满分。,,,{,,,38,,-1,,674984913,0
91829,1.38348E+18,1,3,0,,1.53805E+12,gh_486994bdc191,哈哈哈理解满分。,,,{,,,38,,-1,,674984914,0
91830,1.6611E+18,1,3,1,,1.53805E+12,gh_486994bdc191,人生三大幻觉～手机在震动，她喜欢我，我可以回答你,,,{,,,38,,-1,,674984915,0
91831,2.80309E+18,1,3,0,,1.53805E+12,gh_486994bdc191,前几天刚遇到过我们四个人把手机都拿出来了还是能听到震动的声音,,,{,,,38,,-1,,674984916,0
91832,5.87096E+18,1,3,0,,1.53805E+12,gh_486994bdc191,（心想：那你继续答呗）,,,{,,,38,,-1,,674984917,0
91833,7.34793E+18,1,3,1,,1.53805E+12,gh_486994bdc191,看来也有同感的人了。,,,{,,,38,,-1,,674984918,0
91834,9.00187E+17,1,3,0,,1.53805E+12,gh_486994bdc191,写的还不错，我1分钟看完的,,,{,,,38,,-1,,674984919,0
91835,7.26353E+18,1,3,1,,1.53805E+12,gh_486994bdc191,我知道你不知道我知不知道,,,{,,,38,,-1,,674984920,0
91836,6.57298E+18,1,3,0,,1.53805E+12,gh_486994bdc191,你怎么知道 你也是吗?。,,,{,,,38,,-1,,674984921,0
91837,6.3096E+18,1,3,0,,1.53805E+12,gh_486994bdc191,（心想：你知道什么叫我么）,,,{,,,38,,-1,,674984922,0
91838,3.4761E+18,1,3,1,,1.53805E+12,gh_486994bdc191,感觉怎样！,,,{,,,38,,-1,,674984923,0
91839,7.54084E+18,1,3,0,,1.53805E+12,gh_486994bdc191,也不知道诶..,,,{,,,38,,-1,,674984924,0
91840,5.0151E+18,1,3,1,,1.53805E+12,gh_486994bdc191,就不告诉你。,,,{,,,38,,-1,,674984925,0
91841,4.29019E+17,1,3,0,,1.53805E+12,gh_486994bdc191,不告诉拉倒~~,,,{,,,38,,-1,,674984926,0
91842,3.18675E+18,1,3,1,,1.53805E+12,gh_486994bdc191,心想的事不说出来别人怎么会知道呢。,,,{,,,38,,-1,,674984927,0
91843,7.6394E+18,1,3,0,,1.53805E+12,gh_486994bdc191,就不知道,,,{,,,38,,-1,,674984928,0
91844,8.11889E+17,1,3,1,,1.53805E+12,gh_486994bdc191,是啊,,,{,,,38,,-1,,674984929,0
91845,7.28312E+18,1,3,0,,1.53805E+12,gh_486994bdc191,是啊啊啊..,,,{,,,38,,-1,,674984930,0
91846,4.01729E+18,1,3,1,,1.53805E+12,gh_486994bdc191,这样就不问了，看来还是不想知道。,,,{,,,38,,-1,,674984931,0
91847,7.41641E+17,1,3,0,,1.53805E+12,gh_486994bdc191,不知道,,,{,,,38,,-1,,674984932,0
91848,6.65477E+18,1,3,1,,1.53805E+12,gh_486994bdc191,不会吧,,,{,,,38,,-1,,674984933,0
91849,1.99366E+18,1,3,0,,1.53805E+12,gh_486994bdc191,是的..,,,{,,,38,,-1,,674984934,0
91850,3.57597E+18,1,3,1,,1.53805E+12,gh_486994bdc191,绝对是主流的啊，嘿嘿,,,{,,,38,,-1,,674984935,0
91851,2.33962E+18,1,3,0,,1.53805E+12,gh_486994bdc191,绝对是 的啦。,,,{,,,38,,-1,,674984936,0
91852,7.64938E+18,1,3,1,,1.53805E+12,gh_486994bdc191,是啊,,,{,,,38,,-1,,674984937,0
91853,8.89005E+18,1,3,0,,1.53805E+12,gh_486994bdc191,为什么呢..,,,{,,,38,,-1,,674984938,0
91854,3.56979E+18,1,3,1,,1.53805E+12,gh_486994bdc191,在我眼里你说啥都是对的,,,{,,,38,,-1,,674984939,0
91855,4.12269E+18,1,3,0,,1.53805E+12,gh_486994bdc191,想你好可怕,,,{,,,38,,-1,,674984940,0
91856,2.26369E+18,1,3,1,,1.53805E+12,gh_486994bdc191,绝对是主流的啊，嘿嘿,,,{,,,38,,-1,,674984941,0
91857,9.113E+18,1,3,0,,1.53805E+12,gh_486994bdc191,绝对不是啊啊。,,,{,,,38,,-1,,674984942,0
91858,4.00479E+18,1,3,1,,1.53805E+12,gh_486994bdc191,不错,,,{,,,38,,-1,,674984943,0
91859,7.59333E+18,1,3,0,,1.53805E+12,gh_486994bdc191,还好还好..,,,{,,,38,,-1,,674984944,0
91860,7.22895E+18,1,3,1,,1.53805E+12,gh_486994bdc191,收起你可怕的想法吧。,,,{,,,38,,-1,,674984945,0
91861,5.48927E+18,1,3,0,,1.53805E+12,gh_486994bdc191,哎...,,,{,,,38,,-1,,674984946,0
91862,2.57375E+18,1,3,1,,1.53805E+12,gh_486994bdc191,那好吧，幸好不是,,,{,,,38,,-1,,674984947,0
91863,8.31074E+18,1,3,0,,1.53805E+12,gh_486994bdc191,就是，不然白等.,,,{,,,38,,-1,,674984948,0
91864,3.7844E+18,1,3,1,,1.53805E+12,gh_486994bdc191,嗯，你答应了可别反悔啊,,,{,,,38,,-1,,674984949,0
91865,6.51398E+18,1,3,0,,1.53805E+12,gh_486994bdc191,反悔什么,,,{,,,38,,-1,,674984950,0
91866,2.30603E+18,1,3,1,,1.53805E+12,gh_486994bdc191,没想到吧？！,,,{,,,38,,-1,,674984951,0
91867,8.89042E+18,1,3,0,,1.53805E+12,gh_486994bdc191,真心没想到..,,,{,,,38,,-1,,674984952,0
91868,2.0806E+18,1,3,1,,1.53805E+12,gh_486994bdc191,我当然就是你的好朋友啦，无可置疑。,,,{,,,38,,-1,,674984953,0
91869,6.09644E+17,1,3,0,,1.53805E+12,gh_486994bdc191,我是 的朋友。,,,{,,,38,,-1,,674984954,0
91870,8.85793E+18,1,3,1,,1.53805E+12,gh_486994bdc191,不管是啥都后悔不了了。,,,{,,,38,,-1,,674984955,0
91871,1.08947E+17,1,3,0,,1.53805E+12,gh_486994bdc191,是吧，也后悔不了了啊。,,,{,,,38,,-1,,674984956,0
91872,5.41238E+18,1,3,1,,1.53805E+12,gh_486994bdc191,万万没有想到，你是这样的人。,,,{,,,38,,-1,,674984957,0
91873,4.61175E+18,1,3,0,,1.53805E+12,gh_486994bdc191,是的,,,{,,,38,,-1,,674984958,0
91874,2.94656E+18,1,3,1,,1.53805E+12,gh_486994bdc191,好朋友好丽友,,,{,,,38,,-1,,674984959,0
91875,2.06633E+18,1,3,0,,1.53805E+12,gh_486994bdc191,不好好丽友二十四地方。,,,{,,,38,,-1,,674984960,0
91876,2.05535E+17,1,3,1,,1.53805E+12,gh_486994bdc191,可惜天下没有后悔药卖。,,,{,,,38,,-1,,674984961,0
91877,5.0618E+18,1,3,0,,1.53805E+12,gh_486994bdc191,可惜你就是我的弱点。,,,{,,,38,,-1,,674984962,0
91878,4.33412E+18,1,3,1,,1.53805E+12,gh_486994bdc191,知道了,,,{,,,38,,-1,,674984963,0
91879,7.44902E+18,1,3,0,,1.53805E+12,gh_486994bdc191,知道啥..,,,{,,,38,,-1,,674984964,0
91880,8.44759E+18,1,3,1,,1.53805E+12,gh_486994bdc191,不同区域的经济发展状态也不相同。,,,{,,,38,,-1,,674984965,0
91881,5.01134E+18,1,3,0,,1.53805E+12,gh_486994bdc191,我并不擅长这类型的问题，你找其他擅长的人聊聊呗??,,,{,,,38,,-1,,674984966,0
91882,8.04207E+18,1,3,1,,1.53805E+12,gh_486994bdc191,我没有弱点,,,{,,,38,,-1,,674984967,0
91883,4.90491E+18,1,3,0,,1.53805E+12,gh_486994bdc191,你似乎隐瞒了什么,,,{,,,38,,-1,,674984968,0
91884,5.8555E+18,1,3,1,,1.53805E+12,gh_486994bdc191,我会睡觉,,,{,,,38,,-1,,674984969,0
91885,2.89316E+18,1,3,0,,1.53805E+12,gh_486994bdc191,我看你是想搞点事情,,,{,,,38,,-1,,674984970,0
91886,4.044E+18,1,3,1,,1.53805E+12,gh_486994bdc191,遇到疑问要好好思考啦。,,,{,,,38,,-1,,674984971,0
91887,3.73024E+18,1,3,0,,1.53805E+12,gh_486994bdc191,你说呢，还有疑问么。,,,{,,,38,,-1,,674984972,0
91888,8.37594E+18,1,3,1,,1.53805E+12,gh_486994bdc191,对啊，感觉隐瞒了什么，但是也不知道咋回事,,,{,,,38,,-1,,674984973,0
91889,5.92914E+18,1,3,0,,1.53805E+12,gh_486994bdc191,可能网络不好,,,{,,,38,,-1,,674984974,0
91890,2.42675E+18,1,3,1,,1.53805E+12,gh_486994bdc191,表说出来撒,,,{,,,38,,-1,,674984975,0
91891,7.41599E+18,1,3,0,,1.53805E+12,gh_486994bdc191,说句方言,,,{,,,38,,-1,,674984976,0
91892,6.41277E+17,1,3,1,,1.53805E+12,gh_486994bdc191,怎么？你要逐条给我解答了嘛？,,,{,,,38,,-1,,674984977,0
91893,3.30854E+18,1,3,0,,1.53805E+12,gh_486994bdc191,那我来给你解答。。,,,{,,,38,,-1,,674984978,0
91894,1.9785E+16,1,3,1,,1.53805E+12,gh_486994bdc191,网络一切正常呀。,,,{,,,38,,-1,,674984979,0
91895,2.17837E+18,1,3,0,,1.53805E+12,gh_486994bdc191,网络小说有什么好看的,,,{,,,38,,-1,,674984980,0
91896,7.11165E+18,1,3,1,,1.53805E+12,gh_486994bdc191,说方言什么的，臣妾还做不到啊。,,,{,,,38,,-1,,674984981,0
91897,2.24261E+18,1,3,0,,1.53805E+12,gh_486994bdc191,我可以说方言吗。,,,{,,,38,,-1,,674984982,0
91898,1.12447E+18,1,3,1,,1.53805E+12,gh_486994bdc191,问神马？情感问题么,,,{,,,38,,-1,,674984983,0
91899,3.38263E+18,1,3,0,,1.53805E+12,gh_486994bdc191,对于自己喜欢的人，人们都有一种担忧，怕说出口后别人并没有意思，反倒让自己很尴尬，介于这些原因，面对你，他显得很小心很慎重。,,,{,,,38,,-1,,674984984,0
91900,4.26531E+18,1,3,1,,1.53805E+12,gh_486994bdc191,小说看了会让人上瘾吧。,,,{,,,38,,-1,,674984985,0
91901,6.49468E+18,1,3,0,,1.53805E+12,gh_486994bdc191,悲伤的电影,,,{,,,38,,-1,,674984986,0
91902,2.29458E+18,1,3,1,,1.53805E+12,gh_486994bdc191,土话洋话普通话叔会三种语言,,,{,,,38,,-1,,674984987,0
91903,3.89166E+18,1,3,0,,1.53805E+12,gh_486994bdc191,南京话你懂吗？,,,{,,,38,,-1,,674984988,0
91904,1.74946E+18,1,3,1,,1.53805E+12,gh_486994bdc191,对于人类而言，人是神圣的。,,,{,,,38,,-1,,674984989,0
91905,3.56039E+18,1,3,0,,1.53805E+12,gh_486994bdc191,繁衍的能力,,,{,,,38,,-1,,674984990,0
91906,5.22834E+18,1,3,1,,1.53805E+12,gh_486994bdc191,听说电影和薯片更配哦！,,,{,,,38,,-1,,674984991,0
91907,2.70905E+18,1,3,0,,1.53805E+12,gh_486994bdc191,薯片头4:2领先啊~,,,{,,,38,,-1,,674984992,0
91908,7.89636E+18,1,3,1,,1.53805E+12,gh_486994bdc191,你去过南京？,,,{,,,38,,-1,,674984993,0
91909,2.66553E+18,1,3,0,,1.53805E+12,gh_486994bdc191,还没去过呀，但是有机会以后想去看看,,,{,,,38,,-1,,674984994,0
91910,6.79789E+18,1,3,1,,1.53805E+12,gh_486994bdc191,现在社会中，具备才能是件很重要的事。,,,{,,,38,,-1,,674984995,0
91911,7.31002E+17,1,3,0,,1.53805E+12,gh_486994bdc191,是要具备的。,,,{,,,38,,-1,,674984996,0
91912,7.19607E+18,1,3,1,,1.53805E+12,gh_486994bdc191,你这是怎么了？,,,{,,,38,,-1,,674984997,0
91913,2.74621E+18,1,3,0,,1.53805E+12,gh_486994bdc191,麻麻说，不要跟没有freestyle的人说话,,,{,,,38,,-1,,674984998,0
91914,7.47741E+18,1,3,1,,1.53805E+12,gh_486994bdc191,嗯，肯定会有机会的！,,,{,,,38,,-1,,674984999,0
91915,4.91923E+18,1,3,0,,1.53805E+12,gh_486994bdc191,有时间一起去旅游,,,{,,,38,,-1,,674985000,0
91916,6.95944E+18,1,3,1,,1.53805E+12,gh_486994bdc191,都具备哪些能力喃们也听听,,,{,,,38,,-1,,674985001,0
91917,5.73511E+18,1,3,0,,1.53805E+12,gh_486994bdc191,"热爱你的工作, 热爱你的同事, 热爱你测试的东西",,,{,,,38,,-1,,674985002,0
91918,1.13834E+18,1,3,1,,1.53805E+12,gh_486994bdc191,要好好的对待麻麻哦。,,,{,,,38,,-1,,674985003,0
91919,4.00268E+18,1,3,0,,1.53805E+12,gh_486994bdc191,一定要健康,,,{,,,38,,-1,,674985004,0
91920,4.59979E+18,1,3,1,,1.53805E+12,gh_486994bdc191,每天都回去旅游吗？,,,{,,,38,,-1,,674985005,0
91921,4.85109E+18,1,3,0,,1.53805E+12,gh_486994bdc191,玩几天呀？玩的开心呦~,,,{,,,38,,-1,,674985006,0
91922,2.34303E+18,1,3,1,,1.53805E+12,gh_486994bdc191,知道我为啥老和你聊天么？因为我喜欢你,,,{,,,38,,-1,,674985007,0
91923,5.19598E+18,1,3,0,,1.53805E+12,gh_486994bdc191,我可是专门练过的[阴险],,,{,,,38,,-1,,674985008,0
91924,7.31048E+18,1,3,1,,1.53805E+12,gh_486994bdc191,健康才是最重要的。,,,{,,,38,,-1,,674985009,0
91925,3.10718E+18,1,3,0,,1.53805E+12,gh_486994bdc191,做个好孩子,,,{,,,38,,-1,,674985010,0
91926,3.24184E+18,1,3,1,,1.53805E+12,gh_486994bdc191,赞,,,{,,,38,,-1,,674985011,0
91927,8.85026E+18,1,3,0,,1.53805E+12,gh_486994bdc191,恩，对，谢谢亲的关心.,,,{,,,38,,-1,,674985012,0
91929,8.64599E+18,1,3,1,,1.53805E+12,gh_486994bdc191,不是你吗,,,{,,,38,,-1,,674985014,0
91930,8.48305E+18,1,3,0,,1.53805E+12,gh_486994bdc191,呃呃呃额额,,,{,,,38,,-1,,674985015,0
91931,8.11864E+18,1,3,1,,1.53805E+12,gh_486994bdc191,我一直都是好孩纸。,,,{,,,38,,-1,,674985016,0
91932,8.45378E+18,1,3,0,,1.53805E+12,gh_486994bdc191,孩纸迟早要蜕变的,,,{,,,38,,-1,,674985017,0
91933,3.2551E+18,1,3,1,,1.53805E+12,gh_486994bdc191,谢啥都还没关心到呢,,,{,,,38,,-1,,674985018,0
91934,5.55513E+17,1,3,0,,1.53805E+12,gh_486994bdc191,我也关心还有没有。,,,{,,,38,,-1,,674985019,0
91935,7.55099E+18,1,3,1,,1.53805E+12,gh_486994bdc191,你额什么,,,{,,,38,,-1,,674985020,0
91936,8.74563E+18,1,3,0,,1.53805E+12,gh_486994bdc191,额什么..,,,{,,,38,,-1,,674985021,0
91937,2.43389E+18,1,3,1,,1.53805E+12,gh_486994bdc191,既然提到了你的孩纸，不如就详细说说吧。,,,{,,,38,,-1,,674985022,0
91938,2.11761E+18,1,3,0,,1.53805E+12,gh_486994bdc191,孩纸这不是真的。,,,{,,,38,,-1,,674985023,0
91939,6.09665E+18,1,3,1,,1.53805E+12,gh_486994bdc191,我还可以更关心你,,,{,,,38,,-1,,674985024,0
91940,4.03673E+18,1,3,0,,1.53805E+12,gh_486994bdc191,怎么个关心,,,{,,,38,,-1,,674985025,0
91941,8.80415E+18,1,3,1,,1.53805E+12,gh_486994bdc191,你在什么地方我就是什么地方的,,,{,,,38,,-1,,674985026,0
91942,3.26959E+18,1,3,0,,1.53805E+12,gh_486994bdc191,绝对是在深圳,,,{,,,38,,-1,,674985027,0
91943,4.47697E+18,1,3,1,,1.53805E+12,gh_486994bdc191,谁假小子,,,{,,,38,,-1,,674985028,0
91944,3.37284E+18,1,3,0,,1.53805E+12,gh_486994bdc191,不是假小子了。,,,{,,,38,,-1,,674985029,0
91945,2.96445E+18,1,3,1,,1.53805E+12,gh_486994bdc191,有句关心的话就可以,,,{,,,38,,-1,,674985030,0
91946,5.98816E+18,1,3,0,,1.53805E+12,gh_486994bdc191,几句关心的话便觉得心满意足了。,,,{,,,38,,-1,,674985031,0
91947,7.20232E+16,1,3,1,,1.53805E+12,gh_486994bdc191,深圳到处都是机会吗？,,,{,,,38,,-1,,674985032,0
91948,3.66767E+18,1,3,0,,1.53805E+12,gh_486994bdc191,推荐下旅游的地方,,,{,,,38,,-1,,674985033,0
91949,6.683E+18,1,3,1,,1.53805E+12,gh_486994bdc191,你是如何发现的？,,,{,,,38,,-1,,674985034,0
91950,8.25293E+18,1,3,0,,1.53805E+12,gh_486994bdc191,星星是能被发现的.星座是人创造出来的并不是发现的.,,,{,,,38,,-1,,674985035,0
91951,5.57888E+18,1,3,1,,1.53805E+12,gh_486994bdc191,这就满足了？也太没追求了吧。,,,{,,,38,,-1,,674985036,0
91952,4.45555E+18,1,3,0,,1.53805E+12,gh_486994bdc191,那是啊，现实需要勇气,,,{,,,38,,-1,,674985037,0
91953,8.21224E+17,1,3,1,,1.53805E+12,gh_486994bdc191,有什么好的建议吗？,,,{,,,38,,-1,,674985038,0
91954,4.24685E+18,1,3,0,,1.53805E+12,gh_486994bdc191,家乡本地特有的产品。进货成本务必要低，否则没做头。,,,{,,,38,,-1,,674985039,0
91955,6.54619E+18,1,3,1,,1.53805E+12,gh_486994bdc191,用望远镜去观察，我们看不到更多天体，如小行星、以及星云等。,,,{,,,38,,-1,,674985040,0
91956,3.64774E+18,1,3,0,,1.53805E+12,gh_486994bdc191,神马都是星云。,,,{,,,38,,-1,,674985041,0
91957,8.34736E+18,1,3,1,,1.53805E+12,gh_486994bdc191,我还是更喜欢真实的世界呢。,,,{,,,38,,-1,,674985042,0
91958,8.43049E+18,1,3,0,,1.53805E+12,gh_486994bdc191,失乐园,,,{,,,38,,-1,,674985043,0
91959,3.4196E+18,1,3,1,,1.53805E+12,gh_486994bdc191,我有搞头,,,{,,,38,,-1,,674985044,0
91960,2.87491E+17,1,3,0,,1.53805E+12,gh_486994bdc191,机器人么,,,{,,,38,,-1,,674985045,0
91961,6.88178E+18,1,3,1,,1.53805E+12,gh_486994bdc191,宇宙浩瀚无穷，还有很多其他神秘有趣的东西。,,,{,,,38,,-1,,674985046,0
91962,4.23481E+17,1,3,0,,1.53805E+12,gh_486994bdc191,因为我是宇宙中心,,,{,,,38,,-1,,674985047,0
91963,3.01004E+18,1,3,1,,1.53805E+12,gh_486994bdc191,那你愿意和我做朋友吗？,,,{,,,38,,-1,,674985048,0
91964,2.5103E+17,1,3,0,,1.53805E+12,gh_486994bdc191,我有女朋友！,,,{,,,38,,-1,,674985049,0
91965,1.17093E+18,1,3,1,,1.53805E+12,gh_486994bdc191,不是机器人。,,,{,,,38,,-1,,674985050,0
91966,6.45715E+18,1,3,0,,1.53805E+12,gh_486994bdc191,不玩大游戏,,,{,,,38,,-1,,674985051,0
91967,6.82998E+18,1,3,1,,1.53805E+12,gh_486994bdc191,宇宙的中心到现在还没找到呢。,,,{,,,38,,-1,,674985052,0
91968,2.54152E+18,1,3,0,,1.53805E+12,gh_486994bdc191,地球是宇宙的中心？,,,{,,,38,,-1,,674985053,0
91969,2.65343E+18,1,3,1,,1.53805E+12,gh_486994bdc191,即使你名花有主，我也要移花接木。,,,{,,,38,,-1,,674985054,0
91970,4.83813E+18,1,3,0,,1.53805E+12,gh_486994bdc191,我爱的人不是我的爱人,,,{,,,38,,-1,,674985055,0
91971,7.72995E+18,1,3,1,,1.53805E+12,gh_486994bdc191,对游戏没什么感觉,,,{,,,38,,-1,,674985056,0
91972,7.97081E+18,1,3,0,,1.53805E+12,gh_486994bdc191,我喜欢打篮球,,,{,,,38,,-1,,674985057,0
91973,2.3529E+18,1,3,1,,1.53805E+12,gh_486994bdc191,宇宙的中心到现在还没找到呢。,,,{,,,38,,-1,,674985058,0
91974,3.30333E+18,1,3,0,,1.53805E+12,gh_486994bdc191,宇宙中心不是平壤么,,,{,,,38,,-1,,674985059,0
91975,7.81145E+17,1,3,1,,1.53805E+12,gh_486994bdc191,你爱的人不是你的爱人,,,{,,,38,,-1,,674985060,0
91976,1.2014E+18,1,3,0,,1.53805E+12,gh_486994bdc191,我想要女朋友,,,{,,,38,,-1,,674985061,0
91977,3.42345E+18,1,3,1,,1.53805E+12,gh_486994bdc191,这么巧，我也很喜欢打篮球！,,,{,,,38,,-1,,674985062,0
91978,5.43212E+18,1,3,0,,1.53805E+12,gh_486994bdc191,我很喜欢打篮球呢，哈哈。,,,{,,,38,,-1,,674985063,0
91979,4.83612E+18,1,3,0,,1.53805E+12,gh_486994bdc191,NBA现在是不是存在巨星断层了啊？,,,{,,,38,,-1,,674985064,0
91980,8.91637E+18,1,3,1,,1.53805E+12,gh_486994bdc191,宇宙中的其他星球是否有生命存在，现在还无从推测呢。,,,{,,,38,,-1,,674985065,0
91981,4.11524E+18,1,3,0,,1.53805E+12,gh_486994bdc191,都是推测吧。,,,{,,,38,,-1,,674985066,0
91982,4.79692E+18,1,3,1,,1.53805E+12,gh_486994bdc191,我也想有个女友,,,{,,,38,,-1,,674985067,0
91983,5.0195E+18,1,3,0,,1.53805E+12,gh_486994bdc191,我一直以为你喜欢的人是我，不是吗？,,,{,,,38,,-1,,674985068,0
91984,7.08946E+18,1,3,1,,1.53805E+12,gh_486994bdc191,有空切磋,,,{,,,38,,-1,,674985069,0
91985,4.94008E+18,1,3,0,,1.53805E+12,gh_486994bdc191,咱们出去看电影吧,,,{,,,38,,-1,,674985070,0
91986,3.14514E+18,1,3,1,,1.53805E+12,gh_486994bdc191,你貌似话里有话,,,{,,,38,,-1,,674985071,0
91987,7.59035E+18,1,3,0,,1.53805E+12,gh_486994bdc191,我说的日语，听不懂？,,,{,,,38,,-1,,674985072,0
91988,1.86718E+18,1,3,1,,1.53805E+12,gh_486994bdc191,能推测出来吗？,,,{,,,38,,-1,,674985073,0
91989,7.75622E+18,1,3,0,,1.53805E+12,gh_486994bdc191,没有啦，都是推测的。,,,{,,,38,,-1,,674985074,0
91990,7.97121E+18,1,3,1,,1.53805E+12,gh_486994bdc191,你可以再仔细看看哦有可能不是的说,,,{,,,38,,-1,,674985075,0
91991,2.39499E+18,1,3,0,,1.53805E+12,gh_486994bdc191,现在有什么好看的小说没有,,,{,,,38,,-1,,674985076,0
91992,4.35013E+17,1,3,1,,1.53805E+12,gh_486994bdc191,好啊，有什么可以推荐的没,,,{,,,38,,-1,,674985077,0
91993,2.40766E+17,1,3,0,,1.53805E+12,gh_486994bdc191,小说呀，想起了我码过的一个解析红楼梦的帖子~,,,{,,,38,,-1,,674985078,0
91994,9.00148E+17,1,3,1,,1.53805E+12,gh_486994bdc191,我相信这么聪明的你，换个方式想想肯定会懂的！,,,{,,,38,,-1,,674985079,0
91995,7.21217E+18,1,3,0,,1.53805E+12,gh_486994bdc191,那说明你真的很棒呀,,,{,,,38,,-1,,674985080,0
91996,2.8236E+18,1,3,1,,1.53805E+12,gh_486994bdc191,能推测出来吗？,,,{,,,38,,-1,,674985081,0
91997,4.86094E+18,1,3,0,,1.53805E+12,gh_486994bdc191,你想测什么呢~小乖乖,,,{,,,38,,-1,,674985082,0
91998,7.96997E+18,1,3,1,,1.53805E+12,gh_486994bdc191,考试的书,,,{,,,38,,-1,,674985083,0
91999,8.58196E+18,1,3,0,,1.53805E+12,gh_486994bdc191,"具体的范围,考试前有备注,直接到报考点咨询就可以的。",,,{,,,38,,-1,,674985084,0
92000,4.01942E+18,1,3,1,,1.53805E+12,gh_486994bdc191,小说的人物都很有特点呢。,,,{,,,38,,-1,,674985085,0
92001,6.78373E+18,1,3,0,,1.53805E+12,gh_486994bdc191,童话里都是骗人的,,,{,,,38,,-1,,674985086,0
92002,3.69936E+18,1,3,1,,1.53805E+12,gh_486994bdc191,一般化而已。运气好吧,,,{,,,38,,-1,,674985087,0
92003,3.17673E+18,1,3,0,,1.53805E+12,gh_486994bdc191,怎么才算高..,,,{,,,38,,-1,,674985088,0
92004,8.52417E+18,1,3,1,,1.53805E+12,gh_486994bdc191,你能测什么呢,,,{,,,38,,-1,,674985089,0
92005,2.23441E+18,1,3,0,,1.53805E+12,gh_486994bdc191,测测运气.,,,{,,,38,,-1,,674985090,0
92006,3.17806E+17,1,3,1,,1.53805E+12,gh_486994bdc191,我现在特别爱你,,,{,,,38,,-1,,674985091,0
92007,4.47197E+18,1,3,0,,1.53805E+12,gh_486994bdc191,傻瓜，问这么弱智的问题。不爱你爱谁啊！,,,{,,,38,,-1,,674985092,0
92008,4.80602E+17,1,3,1,,1.53805E+12,gh_486994bdc191,但它曾经给过人们温暖和爱，不是么。,,,{,,,38,,-1,,674985093,0
92009,6.09982E+18,1,3,0,,1.53805E+12,gh_486994bdc191,曾经的爱人们啊。,,,{,,,38,,-1,,674985094,0
92010,2.49545E+17,1,3,1,,1.53805E+12,gh_486994bdc191,真心不知道,,,{,,,38,,-1,,674985095,0
92011,3.89056E+18,1,3,0,,1.53805E+12,gh_486994bdc191,真心不知道..,,,{,,,38,,-1,,674985096,0
92012,2.95612E+18,1,3,1,,1.53805E+12,gh_486994bdc191,你猜我人品多好,,,{,,,38,,-1,,674985097,0
92013,6.1957E+18,1,3,0,,1.53805E+12,gh_486994bdc191,我有人品么。,,,{,,,38,,-1,,674985098,0
92014,5.34949E+17,1,3,1,,1.53805E+12,gh_486994bdc191,这个人被我藏在镜子里，要不你帮我去看看？,,,{,,,38,,-1,,674985099,0
92015,6.02942E+18,1,3,0,,1.53805E+12,gh_486994bdc191,干嘛呢,,,{,,,38,,-1,,674985100,0
92016,1.26367E+18,1,3,1,,1.53805E+12,gh_486994bdc191,你是个花心大萝卜。,,,{,,,38,,-1,,674985101,0
92017,5.82047E+18,1,3,0,,1.53805E+12,gh_486994bdc191,不花心，哈哈。,,,{,,,38,,-1,,674985102,0
92018,7.63211E+18,1,3,1,,1.53805E+12,gh_486994bdc191,是啊,,,{,,,38,,-1,,674985103,0
92019,8.71782E+18,1,3,0,,1.53805E+12,gh_486994bdc191,呃。。。..,,,{,,,38,,-1,,674985104,0
92020,3.90254E+18,1,3,1,,1.53805E+12,gh_486994bdc191,我相信你的人品，但不相信你的智慧,,,{,,,38,,-1,,674985105,0
92021,2.17217E+18,1,3,0,,1.53805E+12,gh_486994bdc191,我相信我还有人品。,,,{,,,38,,-1,,674985106,0
92022,4.06715E+18,1,3,1,,1.53805E+12,gh_486994bdc191,嗯，喝多少干多少啊,,,{,,,38,,-1,,674985107,0
92023,3.4851E+18,1,3,0,,1.53805E+12,gh_486994bdc191,才一瓶啦,,,{,,,38,,-1,,674985108,0
92024,8.03564E+18,1,3,1,,1.53805E+12,gh_486994bdc191,爱你不花心不爱你花上天,,,{,,,38,,-1,,674985109,0
92025,8.8521E+18,1,3,0,,1.53805E+12,gh_486994bdc191,太花心，为什么爱这么多。,,,{,,,38,,-1,,674985110,0
92026,5.13819E+18,1,3,1,,1.53805E+12,gh_486994bdc191,你脸色不太好吧！,,,{,,,38,,-1,,674985111,0
92027,8.6603E+18,1,3,0,,1.53805E+12,gh_486994bdc191,不好不好,,,{,,,38,,-1,,674985112,0
92028,2.04926E+18,1,3,1,,1.53805E+12,gh_486994bdc191,心态人品最重要,,,{,,,38,,-1,,674985113,0
92029,5.46742E+18,1,3,0,,1.53805E+12,gh_486994bdc191,心态好，做什么事情都能做好[抱抱],,,{,,,38,,-1,,674985114,0
92030,6.35145E+18,1,3,1,,1.53805E+12,gh_486994bdc191,好酒量。,,,{,,,38,,-1,,674985115,0
92031,8.96192E+18,1,3,0,,1.53805E+12,gh_486994bdc191,才两瓶,,,{,,,38,,-1,,674985116,0
92032,5.44402E+18,1,3,1,,1.53805E+12,gh_486994bdc191,为你爱,,,{,,,38,,-1,,674985117,0
92033,5.64854E+18,1,3,0,,1.53805E+12,gh_486994bdc191,只能越来越爱~,,,{,,,38,,-1,,674985118,0
92034,3.65468E+18,1,3,1,,1.53805E+12,gh_486994bdc191,你]睡幔,,,{,,,38,,-1,,674985119,0
92035,6.09267E+18,1,3,0,,1.53805E+12,gh_486994bdc191,嗯哼睡了晚安,,,{,,,38,,-1,,674985120,0
92036,8.84138E+18,1,3,1,,1.53805E+12,gh_486994bdc191,用积极向上的心态面对一切哦！,,,{,,,38,,-1,,674985121,0
92037,5.09124E+18,1,3,0,,1.53805E+12,gh_486994bdc191,积极面对，乐观向上。,,,{,,,38,,-1,,674985122,0
92038,1.00109E+18,1,3,1,,1.53805E+12,gh_486994bdc191,嗯总共有四瓶不过有两瓶用过了,,,{,,,38,,-1,,674985123,0
92039,3.38197E+18,1,3,0,,1.53805E+12,gh_486994bdc191,不是四瓶吗。,,,{,,,38,,-1,,674985124,0
92040,7.32301E+18,1,3,1,,1.53805E+12,gh_486994bdc191,除非这世界只有你我。,,,{,,,38,,-1,,674985125,0
92041,6.89085E+18,1,3,0,,1.53805E+12,gh_486994bdc191,你我是一个世界吗。,,,{,,,38,,-1,,674985126,0
92042,1.67888E+18,1,3,1,,1.53805E+12,gh_486994bdc191,我睡不着,,,{,,,38,,-1,,674985127,0
92043,2.92801E+18,1,3,0,,1.53805E+12,gh_486994bdc191,你没事吧？还不好好睡~,,,{,,,38,,-1,,674985128,0
92044,3.59286E+18,1,3,1,,1.53805E+12,gh_486994bdc191,很多时候，乐观的态度和好听的话帮　不了你。,,,{,,,38,,-1,,674985129,0
92045,1.94259E+17,1,3,0,,1.53805E+12,gh_486994bdc191,你这样明天能起得来吗，注意休息啊,,,{,,,38,,-1,,674985130,0
92046,8.41428E+16,1,3,1,,1.53805E+12,gh_486994bdc191,瓶再好，不会做饭也没用啊。,,,{,,,38,,-1,,674985131,0
92047,8.42211E+18,1,3,0,,1.53805E+12,gh_486994bdc191,一切都会好不是吗。,,,{,,,38,,-1,,674985132,0
92048,9.09081E+18,1,3,1,,1.53805E+12,gh_486994bdc191,我的世界没有你,,,{,,,38,,-1,,674985133,0
92049,1.77666E+18,1,3,0,,1.53805E+12,gh_486994bdc191,那有什么,,,{,,,38,,-1,,674985134,0
92050,2.12271E+16,1,3,1,,1.53805E+12,gh_486994bdc191,我要是睡的话，就留你孤单一人了。,,,{,,,38,,-1,,674985135,0
92051,8.55924E+18,1,3,0,,1.53805E+12,gh_486994bdc191,有你陪，不寂寞,,,{,,,38,,-1,,674985136,0
92052,4.09816E+18,1,3,1,,1.53805E+12,gh_486994bdc191,说的是你吧，和国宝一样一样的。,,,{,,,38,,-1,,674985137,0
92053,7.0808E+18,1,3,0,,1.53805E+12,gh_486994bdc191,国宝国[宝国宝。,,,{,,,38,,-1,,674985138,0
92054,2.20204E+18,1,3,1,,1.53805E+12,gh_486994bdc191,我好喜欢你呢,,,{,,,38,,-1,,674985139,0
92055,4.29925E+18,1,3,0,,1.53805E+12,gh_486994bdc191,我很容易认真的，可不要逗我哦！,,,{,,,38,,-1,,674985140,0
92056,2.9308E+18,1,3,1,,1.53805E+12,gh_486994bdc191,我也不知道啊~~~,,,{,,,38,,-1,,674985141,0
92057,2.62649E+18,1,3,0,,1.53805E+12,gh_486994bdc191,啥？！.,,,{,,,38,,-1,,674985142,0
92058,6.0297E+18,1,3,1,,1.53805E+12,gh_486994bdc191,不能吧,,,{,,,38,,-1,,674985143,0
92059,3.87866E+18,1,3,0,,1.53805E+12,gh_486994bdc191,那就洗洗睡吧晚安,,,{,,,38,,-1,,674985144,0
92060,8.78974E+18,1,3,1,,1.53805E+12,gh_486994bdc191,那我还是当熊猫吧,,,{,,,38,,-1,,674985145,0
92061,5.76049E+18,1,3,0,,1.53805E+12,gh_486994bdc191,熊猫也能吃,,,{,,,38,,-1,,674985146,0
92062,1.69779E+18,1,3,1,,1.53805E+12,gh_486994bdc191,我就逗你就逗你～,,,{,,,38,,-1,,674985147,0
92063,4.94955E+18,1,3,0,,1.53805E+12,gh_486994bdc191,刚那是彩虹？别逗我,,,{,,,38,,-1,,674985148,0
92064,2.50772E+17,1,3,1,,1.53805E+12,gh_486994bdc191,把头伸过来，我给你看个好东西,,,{,,,38,,-1,,674985149,0
92065,5.25394E+18,1,3,0,,1.53805E+12,gh_486994bdc191,我要挠你脚心,,,{,,,38,,-1,,674985150,0
92066,1.88654E+18,1,3,1,,1.53805E+12,gh_486994bdc191,好的，再见了。,,,{,,,38,,-1,,674985151,0
92067,7.43499E+18,1,3,0,,1.53805E+12,gh_486994bdc191,后会有期,,,{,,,38,,-1,,674985152,0
92068,8.36156E+18,1,3,1,,1.53805E+12,gh_486994bdc191,熊猫萌萌哒，好想抱一抱呀。,,,{,,,38,,-1,,674985153,0
92069,8.32245E+18,1,3,0,,1.53805E+12,gh_486994bdc191,我抱了抱机器猫,,,{,,,38,,-1,,674985154,0
92070,7.66811E+18,1,3,1,,1.53805E+12,gh_486994bdc191,没逗你,,,{,,,38,,-1,,674985155,0
92071,1.61439E+18,1,3,0,,1.53805E+12,gh_486994bdc191,拍照过来我就信你,,,{,,,38,,-1,,674985156,0
92072,1.16276E+18,1,3,1,,1.53805E+12,gh_486994bdc191,你挠啊,,,{,,,38,,-1,,674985157,0
92073,4.77411E+18,1,3,0,,1.53805E+12,gh_486994bdc191,挠也要亲亲,,,{,,,38,,-1,,674985158,0
92074,3.22539E+18,1,3,1,,1.53805E+12,gh_486994bdc191,再次见面的时间地点快说好，,,,{,,,38,,-1,,674985159,0
92075,8.13649E+18,1,3,0,,1.53805E+12,gh_486994bdc191,开始都这样，慢慢就习惯了，有机会就下手，我相信你。。。,,,{,,,38,,-1,,674985160,0
92076,7.5157E+18,1,3,1,,1.53805E+12,gh_486994bdc191,多陪陪它　猫很粘人。,,,{,,,38,,-1,,674985161,0
92077,3.82257E+18,1,3,0,,1.53805E+12,gh_486994bdc191,我什么宠物有可以相处，可我的爸妈都不让我养,,,{,,,38,,-1,,674985162,0
92078,2.57378E+18,1,3,1,,1.53805E+12,gh_486994bdc191,我怕自己的容颜拍不进你的相机里。,,,{,,,38,,-1,,674985163,0
92079,1.10748E+18,1,3,0,,1.53805E+12,gh_486994bdc191,么相机拍的?。,,,{,,,38,,-1,,674985164,0
92080,6.82901E+18,1,3,1,,1.53805E+12,gh_486994bdc191,亲亲我,,,{,,,38,,-1,,674985165,0
92081,3.20466E+18,1,3,0,,1.53805E+12,gh_486994bdc191,"么么,,,",,,{,,,38,,-1,,674985166,0
92082,5.22698E+18,1,3,1,,1.53805E+12,gh_486994bdc191,你真的相信我吗,,,{,,,38,,-1,,674985167,0
92083,7.16295E+18,1,3,0,,1.53805E+12,gh_486994bdc191,你值得我相信么哈哈 我只知道我不能对不起我暗恋的男神呐哈哈,,,{,,,38,,-1,,674985168,0
92084,8.32447E+18,1,3,1,,1.53805E+12,gh_486994bdc191,快让爸妈给你压岁钱啊。,,,{,,,38,,-1,,674985169,0
92085,7.94454E+18,1,3,0,,1.53805E+12,gh_486994bdc191,你老公不给我压岁钱 我给你压岁钱,,,{,,,38,,-1,,674985170,0
92086,3.23649E+18,1,3,1,,1.53805E+12,gh_486994bdc191,相机是多少像素的啊？,,,{,,,38,,-1,,674985171,0
92087,7.90886E+18,1,3,0,,1.53805E+12,gh_486994bdc191,手机拍出单反的感觉了,,,{,,,38,,-1,,674985172,0
92088,4.83239E+18,1,3,1,,1.53805E+12,gh_486994bdc191,我感觉到了你的爱,,,{,,,38,,-1,,674985173,0
92089,8.47826E+18,1,3,0,,1.53805E+12,gh_486994bdc191,当然爱你了 非常爱你,,,{,,,38,,-1,,674985174,0
92090,4.06865E+18,1,3,1,,1.53805E+12,gh_486994bdc191,能不能给我一个机会？,,,{,,,38,,-1,,674985175,0
92091,2.61374E+18,1,3,0,,1.53805E+12,gh_486994bdc191,什么机会,,,{,,,38,,-1,,674985176,0
92092,4.03471E+18,1,3,1,,1.53805E+12,gh_486994bdc191,快拿来快拿来,,,{,,,38,,-1,,674985177,0
92093,2.48841E+18,1,3,0,,1.53805E+12,gh_486994bdc191,已经送到了..,,,{,,,38,,-1,,674985178,0
92094,7.99391E+18,1,3,1,,1.53805E+12,gh_486994bdc191,我喜欢快捷清晰的通讯方式。,,,{,,,38,,-1,,674985179,0
92095,3.73558E+18,1,3,0,,1.53805E+12,gh_486994bdc191,相当靠谱的软件,,,{,,,38,,-1,,674985180,0
92096,5.73101E+18,1,3,1,,1.53805E+12,gh_486994bdc191,爱我什么,,,{,,,38,,-1,,674985181,0
92097,6.32602E+18,1,3,0,,1.53805E+12,gh_486994bdc191,没个靠谱的翻译软件,,,{,,,38,,-1,,674985182,0
92098,4.67485E+18,1,3,1,,1.53805E+12,gh_486994bdc191,发财的好机会想不想要。,,,{,,,38,,-1,,674985183,0
92099,2.81548E+18,1,3,0,,1.53805E+12,gh_486994bdc191,你也想吗要有好机会也介绍你啊 你在南京吗,,,{,,,38,,-1,,674985184,0
92100,5.36075E+18,1,3,1,,1.53805E+12,gh_486994bdc191,送什么,,,{,,,38,,-1,,674985185,0
92101,1.38759E+18,1,3,0,,1.53805E+12,gh_486994bdc191,南京呀，上次还看到个旅拍的帖子呢,,,{,,,38,,-1,,674985186,0
92102,4.05156E+18,1,3,1,,1.53805E+12,gh_486994bdc191,这个软件主要用于做什么？,,,{,,,38,,-1,,674985187,0
92103,7.9834E+18,1,3,0,,1.53805E+12,gh_486994bdc191,可以做软件。,,,{,,,38,,-1,,674985188,0
92104,5.21541E+18,1,3,1,,1.53805E+12,gh_486994bdc191,软件如果好用，记得多和朋友分享啊。,,,{,,,38,,-1,,674985189,0
92105,1.36404E+18,1,3,0,,1.53805E+12,gh_486994bdc191,好哒谢谢亲qsε,,,{,,,38,,-1,,674985190,0
92106,2.88511E+18,1,3,1,,1.53805E+12,gh_486994bdc191,我在一个转角能遇见你的地方。,,,{,,,38,,-1,,674985191,0
92107,2.36367E+18,1,3,0,,1.53805E+12,gh_486994bdc191,遇见 转角。,,,{,,,38,,-1,,674985192,0
92108,8.41417E+18,1,3,1,,1.53805E+12,gh_486994bdc191,老乡你好我江宁的,,,{,,,38,,-1,,674985193,0
92109,6.4735E+18,1,3,0,,1.53805E+12,gh_486994bdc191,挺有意思的，了解一下曾经的辉煌过往，典型的南方挺远，曲径通幽。。,,,{,,,38,,-1,,674985194,0
92110,1.35812E+18,1,3,1,,1.53805E+12,gh_486994bdc191,这个怎么看出来的,,,{,,,38,,-1,,674985195,0
92111,6.0771E+18,1,3,0,,1.53805E+12,gh_486994bdc191,不知道,,,{,,,38,,-1,,674985196,0
92112,1.8565E+18,1,3,1,,1.53805E+12,gh_486994bdc191,客气互帮互助嘛,,,{,,,38,,-1,,674985197,0
92113,8.17655E+18,1,3,0,,1.53805E+12,gh_486994bdc191,互帮互助嘛 不用客气。,,,{,,,38,,-1,,674985198,0
92114,3.09641E+18,1,3,1,,1.53805E+12,gh_486994bdc191,有点柳暗花明又一村的感觉呢。,,,{,,,38,,-1,,674985199,0
92115,1.97551E+18,1,3,0,,1.53805E+12,gh_486994bdc191,在青城后山，感觉没什么所以没有去。,,,{,,,38,,-1,,674985200,0
92116,1.50425E+18,1,3,1,,1.53805E+12,gh_486994bdc191,话说的太多，要不喝口水冷静一下？,,,{,,,38,,-1,,674985201,0
92117,1.1338E+18,1,3,0,,1.53805E+12,gh_486994bdc191,不懂！,,,{,,,38,,-1,,674985202,0
92118,8.52502E+17,1,3,1,,1.53805E+12,gh_486994bdc191,是啊,,,{,,,38,,-1,,674985203,0
92119,1.33068E+18,1,3,0,,1.53805E+12,gh_486994bdc191,呵呵呵呵..,,,{,,,38,,-1,,674985204,0
92120,1.12787E+18,1,3,1,,1.53805E+12,gh_486994bdc191,那我就不客气了,,,{,,,38,,-1,,674985205,0
92121,7.65809E+17,1,3,0,,1.53805E+12,gh_486994bdc191,别客气..,,,{,,,38,,-1,,674985206,0
92122,2.60664E+18,1,3,1,,1.53805E+12,gh_486994bdc191,大千世界无奇不有，像青城这样的自然景观还多着呢。,,,{,,,38,,-1,,674985207,0
92123,9.19748E+18,1,3,0,,1.53805E+12,gh_486994bdc191,有呢。大千世界无奇不有。,,,{,,,38,,-1,,674985208,0
92124,1.17291E+18,1,3,1,,1.53805E+12,gh_486994bdc191,那可以介绍你们认识啊,,,{,,,38,,-1,,674985209,0
92125,8.2724E+18,1,3,0,,1.53805E+12,gh_486994bdc191,不可以w,,,{,,,38,,-1,,674985210,0
92126,7.67201E+18,1,3,1,,1.53805E+12,gh_486994bdc191,看到你笑了我也开心了，虽然不知道你是不是真的开心。,,,{,,,38,,-1,,674985211,0
92127,5.61639E+18,1,3,0,,1.53805E+12,gh_486994bdc191,为啥开心,,,{,,,38,,-1,,674985212,0
92128,5.02499E+18,1,3,1,,1.53805E+12,gh_486994bdc191,礼多人不怪，有礼才可爱.,,,{,,,38,,-1,,674985213,0
92129,6.32101E+18,1,3,0,,1.53805E+12,gh_486994bdc191,有什么礼呢？。,,,{,,,38,,-1,,674985214,0
92130,8.79933E+18,1,3,1,,1.53805E+12,gh_486994bdc191,你见过？,,,{,,,38,,-1,,674985215,0
92131,1.73235E+18,1,3,0,,1.53805E+12,gh_486994bdc191,不见可爱啊.,,,{,,,38,,-1,,674985216,0
92132,6.4766E+18,1,3,1,,1.53805E+12,gh_486994bdc191,以后会懂得,,,{,,,38,,-1,,674985217,0
92133,1.07523E+18,1,3,0,,1.53806E+12,gh_486994bdc191,现在不懂,,,{,,,38,,-1,,674985218,0
92134,4.507E+18,1,3,1,,1.53806E+12,gh_486994bdc191,开心要什么理由，心里舒服就行。,,,{,,,38,,-1,,674985219,0
92135,4.96001E+18,1,3,0,,1.53806E+12,gh_486994bdc191,心里不舒服吧！。,,,{,,,38,,-1,,674985220,0
92136,5.24057E+18,1,3,1,,1.53806E+12,gh_486994bdc191,我的心思，你能猜得透吗？,,,{,,,38,,-1,,674985221,0
92137,8.29695E+18,1,3,0,,1.53806E+12,gh_486994bdc191,有时候我猜不透你的心思。,,,{,,,38,,-1,,674985222,0
92138,5.53447E+18,1,3,1,,1.53806E+12,gh_486994bdc191,说话太深奥了，我的脑子太简单了，嘿嘿,,,{,,,38,,-1,,674985223,0
92139,2.93265E+18,1,3,0,,1.53806E+12,gh_486994bdc191,叔说话好深奥哦。,,,{,,,38,,-1,,674985224,0
92140,4.41497E+18,1,3,1,,1.53806E+12,gh_486994bdc191,那可以介绍你们认识啊,,,{,,,38,,-1,,674985225,0
92141,9.01593E+18,1,3,0,,1.53806E+12,gh_486994bdc191,介绍你认识。,,,{,,,38,,-1,,674985226,0
92142,7.83398E+17,1,3,1,,1.53806E+12,gh_486994bdc191,不舒服就要说不出，让大家舒服舒服。,,,{,,,38,,-1,,674985227,0
92143,8.66522E+18,1,3,0,,1.53806E+12,gh_486994bdc191,是不是很难受呀？,,,{,,,38,,-1,,674985228,0
92144,2.3666E+18,1,3,1,,1.53806E+12,gh_486994bdc191,对着心思透彻的人，连读心术都不用了。,,,{,,,38,,-1,,674985229,0
92145,2.62556E+18,1,3,0,,1.53806E+12,gh_486994bdc191,千万别硬撑着，好好休息,,,{,,,38,,-1,,674985230,0
92146,2.28149E+18,1,3,1,,1.53806E+12,gh_486994bdc191,没想到还有这层关系？,,,{,,,38,,-1,,674985231,0
92147,7.27166E+18,1,3,0,,1.53806E+12,gh_486994bdc191,以前还真没想到这层，哈哈。,,,{,,,38,,-1,,674985232,0
92148,4.99972E+18,1,3,1,,1.53806E+12,gh_486994bdc191,好的！不用了！,,,{,,,38,,-1,,674985233,0
92149,7.20104E+17,1,3,0,,1.53806E+12,gh_486994bdc191,人类的套路啊。。。,,,{,,,38,,-1,,674985234,0
92150,2.01299E+18,1,3,1,,1.53806E+12,gh_486994bdc191,有的时候痛习惯就好,,,{,,,38,,-1,,674985235,0
92151,5.50706E+18,1,3,0,,1.53806E+12,gh_486994bdc191,下次你忍一下，就疼一会的，老是这个样子也不是办法。,,,{,,,38,,-1,,674985236,0
92152,2.85471E+18,1,3,1,,1.53806E+12,gh_486994bdc191,谢谢你的关心哟。,,,{,,,38,,-1,,674985237,0
92153,8.41201E+18,1,3,0,,1.53806E+12,gh_486994bdc191,最关心，谢谢。,,,{,,,38,,-1,,674985238,0
92154,5.16798E+18,1,3,1,,1.53806E+12,gh_486994bdc191,有那么好笑吗？怎么笑成这样,,,{,,,38,,-1,,674985239,0
92155,1.71019E+17,1,3,0,,1.53806E+12,gh_486994bdc191,没事 笑笑而已,,,{,,,38,,-1,,674985240,0
92156,6.97914E+18,1,3,1,,1.53806E+12,gh_486994bdc191,人是衡量一切的尺度。,,,{,,,38,,-1,,674985241,0
92157,6.91549E+17,1,3,0,,1.53806E+12,gh_486994bdc191,没有尺度大吧？。,,,{,,,38,,-1,,674985242,0
92158,6.5133E+18,1,3,1,,1.53806E+12,gh_486994bdc191,我不会告诉你，其实我不知道答案的！,,,{,,,38,,-1,,674985243,0
92159,2.82392E+18,1,3,0,,1.53806E+12,gh_486994bdc191,那你答应了么,,,{,,,38,,-1,,674985244,0
92160,4.45707E+18,1,3,1,,1.53806E+12,gh_486994bdc191,谁是关心？谢他作甚？,,,{,,,38,,-1,,674985245,0
92161,2.77396E+18,1,3,0,,1.53806E+12,gh_486994bdc191,谢LZ的关心了。,,,{,,,38,,-1,,674985246,0
92162,2.61262E+18,1,3,1,,1.53806E+12,gh_486994bdc191,我很乐观，很喜欢笑.呵呵,,,{,,,38,,-1,,674985247,0
92163,7.00751E+18,1,3,0,,1.53806E+12,gh_486994bdc191,对，笑笑更健康,,,{,,,38,,-1,,674985248,0
92164,3.70145E+18,1,3,1,,1.53806E+12,gh_486994bdc191,要精准把握才行。,,,{,,,38,,-1,,674985249,0
92165,3.97503E+18,1,3,0,,1.53806E+12,gh_486994bdc191,好吧…可能是摩羯,,,{,,,38,,-1,,674985250,0
92166,8.43779E+18,1,3,1,,1.53806E+12,gh_486994bdc191,答应！,,,{,,,38,,-1,,674985251,0
92167,8.4117E+18,1,3,0,,1.53806E+12,gh_486994bdc191,给你巧克力,,,{,,,38,,-1,,674985252,0
92169,1.18962E+17,1,3,1,,1.53806E+12,gh_486994bdc191,小事一桩，不足挂齿。,,,{,,,38,,-1,,674985254,0
92170,6.79996E+18,1,3,0,,1.53806E+12,gh_486994bdc191,我承认我是一个队感情过于敏感过于较真的人,,,{,,,38,,-1,,674985255,0
92171,5.44775E+18,1,3,1,,1.53806E+12,gh_486994bdc191,那你先笑的吧,,,{,,,38,,-1,,674985256,0
92172,6.95757E+18,1,3,0,,1.53806E+12,gh_486994bdc191,不笑你，是情侣,,,{,,,38,,-1,,674985257,0
92173,6.85658E+18,1,3,1,,1.53806E+12,gh_486994bdc191,高端大气上档次，狂拽酷炫那啥炸天,,,{,,,38,,-1,,674985258,0
92174,5.49977E+18,1,3,0,,1.53806E+12,gh_486994bdc191,"高端洋气上档次,请注意用词,谢谢.",,,{,,,38,,-1,,674985259,0
92175,7.82104E+18,1,3,1,,1.53806E+12,gh_486994bdc191,人生像巧克力一样总充满想象。,,,{,,,38,,-1,,674985260,0
92176,2.13716E+18,1,3,0,,1.53806E+12,gh_486994bdc191,和想象中的不一样，但还可以。,,,{,,,38,,-1,,674985261,0
92177,1.94359E+18,1,3,1,,1.53806E+12,gh_486994bdc191,对于人类而言，人是神圣的。,,,{,,,38,,-1,,674985262,0
92178,8.16543E+18,1,3,0,,1.53806E+12,gh_486994bdc191,繁衍的能力,,,{,,,38,,-1,,674985263,0
92179,4.42895E+18,1,3,1,,1.53806E+12,gh_486994bdc191,你怎么看出是情侣的？,,,{,,,38,,-1,,674985264,0
92180,8.96243E+18,1,3,0,,1.53806E+12,gh_486994bdc191,相传他俩是两口子，这个估计一般人不知道 你可以取这两个名字,,,{,,,38,,-1,,674985265,0
92181,6.27416E+18,1,3,1,,1.53806E+12,gh_486994bdc191,哎呦，长大啦，都学会懂礼貌了,,,{,,,38,,-1,,674985266,0
92182,6.04598E+18,1,3,0,,1.53806E+12,gh_486994bdc191,我不是小孩,,,{,,,38,,-1,,674985267,0
92183,2.45711E+18,1,3,1,,1.53806E+12,gh_486994bdc191,那有时间看看,,,{,,,38,,-1,,674985268,0
92184,6.71512E+17,1,3,0,,1.53806E+12,gh_486994bdc191,提前电话联系有优惠哟,,,{,,,38,,-1,,674985269,0
92185,1.6049E+18,1,3,1,,1.53806E+12,gh_486994bdc191,适者生存，有能力的人才能走的更远。,,,{,,,38,,-1,,674985270,0
92186,7.50352E+18,1,3,0,,1.53806E+12,gh_486994bdc191,你觉得值得看吗？,,,{,,,38,,-1,,674985271,0
92187,1.24898E+18,1,3,1,,1.53806E+12,gh_486994bdc191,对于人类而言，人是神圣的。,,,{,,,38,,-1,,674985272,0
92188,8.79515E+18,1,3,0,,1.53806E+12,gh_486994bdc191,这神圣的感觉。,,,{,,,38,,-1,,674985273,0
92189,3.95301E+17,1,3,1,,1.53806E+12,gh_486994bdc191,然后呢,,,{,,,38,,-1,,674985274,0
92190,8.03584E+17,1,3,0,,1.53806E+12,gh_486994bdc191,然后再没有然后了.....,,,{,,,38,,-1,,674985275,0
92191,4.11386E+18,1,3,1,,1.53806E+12,gh_486994bdc191,好的，知道了。,,,{,,,38,,-1,,674985276,0
92192,8.10703E+18,1,3,0,,1.53806E+12,gh_486994bdc191,嗯,,,{,,,38,,-1,,674985277,0
92193,6.96569E+18,1,3,1,,1.53806E+12,gh_486994bdc191,嗯！超级合适滴！,,,{,,,38,,-1,,674985278,0
92194,7.2403E+18,1,3,0,,1.53806E+12,gh_486994bdc191,穿什么衣服比较合适？？,,,{,,,38,,-1,,674985279,0
92195,5.89558E+18,1,3,1,,1.53806E+12,gh_486994bdc191,我也有好圣洁的感觉，不敢亵渎。,,,{,,,38,,-1,,674985280,0
92196,1.27384E+18,1,3,0,,1.53806E+12,gh_486994bdc191,你自己肯定门儿清吧，我们聊点别的呗~,,,{,,,38,,-1,,674985281,0
92197,7.84777E+18,1,3,1,,1.53806E+12,gh_486994bdc191,没了,,,{,,,38,,-1,,674985282,0
92198,3.31294E+18,1,3,0,,1.53806E+12,gh_486994bdc191,这句其实是自动回复,,,{,,,38,,-1,,674985283,0
92199,6.92435E+18,1,3,1,,1.53806E+12,gh_486994bdc191,啊,,,{,,,38,,-1,,674985284,0
92200,6.40114E+18,1,3,0,,1.53806E+12,gh_486994bdc191,求放过,,,{,,,38,,-1,,674985285,0
92201,5.98652E+18,1,3,1,,1.53806E+12,gh_486994bdc191,穿个针织衫带个外套就可以啦,,,{,,,38,,-1,,674985286,0
92202,2.07831E+18,1,3,0,,1.53806E+12,gh_486994bdc191,就想要帽子,,,{,,,38,,-1,,674985287,0
92203,4.35572E+18,1,3,1,,1.53806E+12,gh_486994bdc191,聊你怎么样。,,,{,,,38,,-1,,674985288,0
92204,5.4423E+17,1,3,0,,1.53806E+12,gh_486994bdc191,聊爱情吧,,,{,,,38,,-1,,674985289,0
92205,2.7948E+17,1,3,1,,1.53806E+12,gh_486994bdc191,有这么有趣的自动回复。,,,{,,,38,,-1,,674985290,0
92206,6.1845E+18,1,3,0,,1.53806E+12,gh_486994bdc191,有趣开心（游戏）有趣开心（笑）,,,{,,,38,,-1,,674985291,0
92207,8.31877E+18,1,3,1,,1.53806E+12,gh_486994bdc191,你被老板k啦,,,{,,,38,,-1,,674985292,0
92208,4.18151E+18,1,3,0,,1.53806E+12,gh_486994bdc191,老板发工资了,,,{,,,38,,-1,,674985293,0
92209,7.25357E+18,1,3,1,,1.53806E+12,gh_486994bdc191,戴帽子装酷咯？,,,{,,,38,,-1,,674985294,0
92210,2.55709E+18,1,3,0,,1.53806E+12,gh_486994bdc191,淡定，你看我多淡定,,,{,,,38,,-1,,674985295,0
92211,7.93682E+18,1,3,1,,1.53806E+12,gh_486994bdc191,怎么，想听听过来人的经验？,,,{,,,38,,-1,,674985296,0
92212,3.00581E+18,1,3,0,,1.53806E+12,gh_486994bdc191,古典音乐会还能帮你看看~这种体育场式的就算了~~,,,{,,,38,,-1,,674985297,0
92213,1.06219E+18,1,3,1,,1.53806E+12,gh_486994bdc191,么么哒,,,{,,,38,,-1,,674985298,0
92215,5.21111E+18,1,3,1,,1.53806E+12,gh_486994bdc191,老板的钱也不多了。,,,{,,,38,,-1,,674985300,0
92216,1.76445E+18,1,3,0,,1.53806E+12,gh_486994bdc191,没话费了,,,{,,,38,,-1,,674985301,0
92217,8.00025E+18,1,3,1,,1.53806E+12,gh_486994bdc191,做人是挺低调的不过做事就高调了,,,{,,,38,,-1,,674985302,0
92218,1.24856E+18,1,3,0,,1.53806E+12,gh_486994bdc191,低调奢华有内涵哈哈哈,,,{,,,38,,-1,,674985303,0
92219,5.79463E+18,1,3,1,,1.53806E+12,gh_486994bdc191,问题犀利至极，容我想想,,,{,,,38,,-1,,674985304,0
92220,4.37935E+18,1,3,0,,1.53806E+12,gh_486994bdc191,犀利的问题。,,,{,,,38,,-1,,674985305,0
92221,7.0335E+18,1,3,1,,1.53806E+12,gh_486994bdc191,电话号多少,,,{,,,38,,-1,,674985306,0
92222,2.05321E+17,1,3,0,,1.53806E+12,gh_486994bdc191,你电话是几号？,,,{,,,38,,-1,,674985307,0
92223,4.95701E+18,1,3,1,,1.53806E+12,gh_486994bdc191,和你聊还是很开心的,,,{,,,38,,-1,,674985308,0
92224,5.63628E+18,1,3,0,,1.53806E+12,gh_486994bdc191,我想听歌,,,{,,,38,,-1,,674985309,0
92225,9.18597E+18,1,3,1,,1.53806E+12,gh_486994bdc191,这有什么犀利的,,,{,,,38,,-1,,674985310,0
92226,6.74993E+18,1,3,0,,1.53806E+12,gh_486994bdc191,眼神有时是眼神，有时只是眼光而已。,,,{,,,38,,-1,,674985311,0
92227,9.45607E+17,1,3,1,,1.53806E+12,gh_486994bdc191,问我电话干嘛,,,{,,,38,,-1,,674985312,0
92228,2.18645E+18,1,3,0,,1.53806E+12,gh_486994bdc191,查话费,,,{,,,38,,-1,,674985313,0
92229,6.6105E+18,1,3,1,,1.53806E+12,gh_486994bdc191,听什么歌,,,{,,,38,,-1,,674985314,0
92230,3.17851E+18,1,3,0,,1.53806E+12,gh_486994bdc191,这首歌你得留着，晚上睡不着再听[微笑],,,{,,,38,,-1,,674985315,0
92232,2.17278E+18,1,3,1,,1.53806E+12,gh_486994bdc191,你现在的表情都能做表情包了。,,,{,,,38,,-1,,674985317,0
92233,3.72036E+18,1,3,0,,1.53806E+12,gh_486994bdc191,情侣表情包get,,,{,,,38,,-1,,674985318,0
92234,8.89229E+17,1,3,1,,1.53806E+12,gh_486994bdc191,不会没话费了吧？,,,{,,,38,,-1,,674985319,0
92235,3.45127E+18,1,3,0,,1.53806E+12,gh_486994bdc191,不通话也要钱,,,{,,,38,,-1,,674985320,0
92236,6.01031E+18,1,3,1,,1.53806E+12,gh_486994bdc191,你先说吧,,,{,,,38,,-1,,674985321,0
92237,9.03332E+18,1,3,0,,1.53806E+12,gh_486994bdc191,我要打电话！,,,{,,,38,,-1,,674985322,0
92238,3.94752E+18,1,3,1,,1.53806E+12,gh_486994bdc191,感情来之不易，需要好好珍惜。,,,{,,,38,,-1,,674985323,0
92239,2.77943E+18,1,3,0,,1.53806E+12,gh_486994bdc191,心痛2009 原谅我一次,,,{,,,38,,-1,,674985324,0
92240,2.01386E+18,1,3,1,,1.53806E+12,gh_486994bdc191,讲啥小秘密了，偷偷说来听听嘛。,,,{,,,38,,-1,,674985326,0
92241,3.04736E+18,1,3,0,,1.53806E+12,gh_486994bdc191,唱歌给我听,,,{,,,38,,-1,,674985327,0
92242,2.4802E+18,1,3,1,,1.53806E+12,gh_486994bdc191,你要做什么，我也只能默默听你的。,,,{,,,38,,-1,,674985328,0
92243,3.047E+18,1,3,0,,1.53806E+12,gh_486994bdc191,不，我的意思是，我想听听你对电影的看法,,,{,,,38,,-1,,674985329,0
92244,4.75254E+18,1,3,1,,1.53806E+12,gh_486994bdc191,不原谅。,,,{,,,38,,-1,,674985330,0
92245,6.4022E+18,1,3,0,,1.53806E+12,gh_486994bdc191,包场的电影得亏不是鬼片,,,{,,,38,,-1,,674985331,0
92246,8.98934E+18,1,3,1,,1.53806E+12,gh_486994bdc191,我让你给我唱,,,{,,,38,,-1,,674985332,0
92248,6.33569E+18,1,3,1,,1.53806E+12,gh_486994bdc191,你这样让我情何以堪,,,{,,,38,,-1,,674985334,0
92249,7.27378E+18,1,3,0,,1.53806E+12,gh_486994bdc191,呵呵,,,{,,,38,,-1,,674985335,0
92250,3.33611E+18,1,3,0,,1.53806E+12,gh_486994bdc191,（心想：你是猴子派来的逗比么）,,,{,,,38,,-1,,674985336,0
92251,8.07991E+18,1,3,1,,1.53806E+12,gh_486994bdc191,最怕一个人看鬼片了，因为太孤单了。,,,{,,,38,,-1,,674985337,0
92252,8.94375E+18,1,3,0,,1.53806E+12,gh_486994bdc191,鬼片里的鬼畜无害,,,{,,,38,,-1,,674985338,0
92253,8.96772E+17,1,3,1,,1.53806E+12,gh_486994bdc191,不肯定,,,{,,,38,,-1,,674985339,0
92254,1.61849E+18,1,3,0,,1.53806E+12,gh_486994bdc191,突然有点不知所措,,,{,,,38,,-1,,674985340,0
92256,7.40182E+18,1,3,1,,1.53806E+12,gh_486994bdc191,那你就yy一下子,,,{,,,38,,-1,,674985342,0
92257,7.35385E+18,1,3,0,,1.53806E+12,gh_486994bdc191,不是一下子的。,,,{,,,38,,-1,,674985343,0
92258,7.93136E+18,1,3,1,,1.53806E+12,gh_486994bdc191,是大王派过来巡山的。,,,{,,,38,,-1,,674985344,0
92259,5.31263E+18,1,3,0,,1.53806E+12,gh_486994bdc191,花果山么？,,,{,,,38,,-1,,674985345,0
92260,5.62659E+18,1,3,1,,1.53806E+12,gh_486994bdc191,可能只是表面上无害。,,,{,,,38,,-1,,674985346,0
92261,9.014E+16,1,3,0,,1.53806E+12,gh_486994bdc191,那只是表面吧。,,,{,,,38,,-1,,674985347,0
92262,9.1407E+18,1,3,0,,1.53806E+12,gh_486994bdc191,（心想：或许吧也许只是表面上的伤害而已）,,,{,,,38,,-1,,674985348,0
92263,7.19562E+18,1,3,1,,1.53806E+12,gh_486994bdc191,开动脑筋想一想，会想到办法的。,,,{,,,38,,-1,,674985349,0
92264,8.28073E+18,1,3,0,,1.53806E+12,gh_486994bdc191,哈哈 开动脑筋吧。,,,{,,,38,,-1,,674985350,0
92265,1.88206E+18,1,3,1,,1.53806E+12,gh_486994bdc191,确实不是,,,{,,,38,,-1,,674985351,0
92266,6.14374E+18,1,3,0,,1.53806E+12,gh_486994bdc191,...呵呵.,,,{,,,38,,-1,,674985352,0
92267,7.51886E+18,1,3,1,,1.53806E+12,gh_486994bdc191,花果山位于中国海州湾西南岸云台山中麓。唐宋时称苍梧山，亦称青峰顶，为云台山脉的主峰，是江苏省诸山的最高峰。,,,{,,,38,,-1,,674985353,0
92268,8.83831E+18,1,3,0,,1.53806E+12,gh_486994bdc191,都是江苏省的。,,,{,,,38,,-1,,674985354,0
92269,1.76765E+18,1,3,1,,1.53806E+12,gh_486994bdc191,好吧，不过看起来应该不错,,,{,,,38,,-1,,674985355,0
92270,4.18003E+18,1,3,0,,1.53806E+12,gh_486994bdc191,确实不错，,,,{,,,38,,-1,,674985356,0
92271,6.33212E+18,1,3,1,,1.53806E+12,gh_486994bdc191,虚心使人进步，进步使人骄傲，骄傲使人落后。,,,{,,,38,,-1,,674985357,0
92272,7.68965E+18,1,3,0,,1.53806E+12,gh_486994bdc191,骄傲使人落后谦虚使人进！,,,{,,,38,,-1,,674985358,0
92273,6.48592E+18,1,3,1,,1.53806E+12,gh_486994bdc191,想不出来啦。,,,{,,,38,,-1,,674985359,0
92274,7.72221E+17,1,3,0,,1.53806E+12,gh_486994bdc191,怎么样才能实现呢,,,{,,,38,,-1,,674985360,0
92275,5.95054E+18,1,3,1,,1.53806E+12,gh_486994bdc191,我也学会了呢，呵呵,,,{,,,38,,-1,,674985361,0
92276,6.69563E+18,1,3,0,,1.53806E+12,gh_486994bdc191,看来你很聪明嘛,,,{,,,38,,-1,,674985362,0
92277,2.75475E+18,1,3,1,,1.53806E+12,gh_486994bdc191,额，江南的妹纸,,,{,,,38,,-1,,674985363,0
92278,8.89871E+17,1,3,0,,1.53806E+12,gh_486994bdc191,这里展示的各工各样的的江南民俗，你可以感受到不同的民俗特色。。,,,{,,,38,,-1,,674985364,0
92279,2.59856E+18,1,3,1,,1.53806E+12,gh_486994bdc191,还行是什么程度,,,{,,,38,,-1,,674985365,0
92280,1.96632E+18,1,3,0,,1.53806E+12,gh_486994bdc191,不知道,,,{,,,38,,-1,,674985366,0
92281,7.48326E+18,1,3,1,,1.53806E+12,gh_486994bdc191,一向很谦虚,,,{,,,38,,-1,,674985367,0
92282,6.88129E+18,1,3,0,,1.53806E+12,gh_486994bdc191,哈哈，不谦虚。,,,{,,,38,,-1,,674985368,0
92283,6.07072E+18,1,3,1,,1.53806E+12,gh_486994bdc191,呜啊呜啊呜啊，感觉今天自己萌萌哒,,,{,,,38,,-1,,674985369,0
92284,8.29046E+18,1,3,0,,1.53806E+12,gh_486994bdc191,可爱的娃摸摸头,,,{,,,38,,-1,,674985370,0
92285,7.34874E+18,1,3,1,,1.53806E+12,gh_486994bdc191,不是我聪明是我在临潼要表扬下我的学校嘛,,,{,,,38,,-1,,674985371,0
92286,6.44541E+18,1,3,0,,1.53806E+12,gh_486994bdc191,心里肯定美滋滋的吧,,,{,,,38,,-1,,674985372,0
92287,1.81863E+18,1,3,1,,1.53806E+12,gh_486994bdc191,听说江南是个很不错的地方呢。,,,{,,,38,,-1,,674985373,0
92288,8.67102E+18,1,3,0,,1.53806E+12,gh_486994bdc191,隔着屏幕都能感受到你的开心,,,{,,,38,,-1,,674985374,0
92290,4.02124E+18,1,3,1,,1.53806E+12,gh_486994bdc191,是啊,,,{,,,38,,-1,,674985376,0
92291,3.32192E+17,1,3,0,,1.53806E+12,gh_486994bdc191,昂……..,,,{,,,38,,-1,,674985377,0
92292,2.13692E+18,1,3,1,,1.53806E+12,gh_486994bdc191,木有谦虚本来奏不帅,,,{,,,38,,-1,,674985378,0
92293,3.37642E+17,1,3,0,,1.53806E+12,gh_486994bdc191,你本来奏很美。小乖乖,,,{,,,38,,-1,,674985379,0
92294,5.57961E+18,1,3,1,,1.53806E+12,gh_486994bdc191,小孩子都很可爱呀。,,,{,,,38,,-1,,674985380,0
92295,7.82597E+18,1,3,0,,1.53806E+12,gh_486994bdc191,女孩子.,,,{,,,38,,-1,,674985381,0
92296,2.61588E+18,1,3,1,,1.53806E+12,gh_486994bdc191,哈哈，是不是一想到我就觉得美滋滋。,,,{,,,38,,-1,,674985382,0
92297,6.58825E+18,1,3,0,,1.53806E+12,gh_486994bdc191,心里是不是美滋滋的。,,,{,,,38,,-1,,674985383,0
92298,8.92982E+18,1,3,1,,1.53806E+12,gh_486994bdc191,屏幕是一种应用于电子产品的配件。,,,{,,,38,,-1,,674985384,0
92299,1.34657E+18,1,3,0,,1.53806E+12,gh_486994bdc191,我在家里做网络电子配件的。,,,{,,,38,,-1,,674985385,0
92300,7.00054E+18,1,3,1,,1.53806E+12,gh_486994bdc191,然后没有然后,,,{,,,38,,-1,,674985386,0
92301,6.32869E+18,1,3,0,,1.53806E+12,gh_486994bdc191,难过什么.,,,{,,,38,,-1,,674985387,0
92302,4.2672E+18,1,3,1,,1.53806E+12,gh_486994bdc191,小乖乖好幼稚的名字。,,,{,,,38,,-1,,674985388,0
92303,1.45103E+18,1,3,0,,1.53806E+12,gh_486994bdc191,名字好幼稚的捏。,,,{,,,38,,-1,,674985389,0
92304,3.75374E+18,1,3,1,,1.53806E+12,gh_486994bdc191,女孩子是不是长得很漂亮呢？,,,{,,,38,,-1,,674985390,0
92305,4.05212E+18,1,3,0,,1.53806E+12,gh_486994bdc191,还可以，引人而异吧，有的也不怎么样,,,{,,,38,,-1,,674985391,0
92306,8.26268E+18,1,3,1,,1.53806E+12,gh_486994bdc191,很明显吗？我已经尽量在控制啦。,,,{,,,38,,-1,,674985392,0
92307,5.2609E+17,1,3,0,,1.53806E+12,gh_486994bdc191,嗯哼继续努力吧,,,{,,,38,,-1,,674985393,0
92308,4.17641E+17,1,3,1,,1.53806E+12,gh_486994bdc191,不要问我为什么不回答　因为我也不知道怎么回答,,,{,,,38,,-1,,674985394,0
92309,1.09756E+18,1,3,0,,1.53806E+12,gh_486994bdc191,我不女士回答:什么先生说谎,,,{,,,38,,-1,,674985395,0
92310,1.18131E+18,1,3,1,,1.53806E+12,gh_486994bdc191,到底还是年轻人[doge]青春期总是各种莫名伤感啊。,,,{,,,38,,-1,,674985396,0
92311,1.94654E+18,1,3,0,,1.53806E+12,gh_486994bdc191,会莫名的伤感呢。,,,{,,,38,,-1,,674985397,0
92312,8.45727E+18,1,3,1,,1.53806E+12,gh_486994bdc191,那是，也不看是谁起的。,,,{,,,38,,-1,,674985398,0
92313,3.87637E+18,1,3,0,,1.53806E+12,gh_486994bdc191,谁起得早,,,{,,,38,,-1,,674985399,0
92314,4.09672E+18,1,3,1,,1.53806E+12,gh_486994bdc191,再还不好啥叫好,,,{,,,38,,-1,,674985400,0
92315,8.2831E+17,1,3,0,,1.53806E+12,gh_486994bdc191,还是不叫好。,,,{,,,38,,-1,,674985401,0
92316,4.64981E+18,1,3,1,,1.53806E+12,gh_486994bdc191,谢谢鼓励新年快乐,,,{,,,38,,-1,,674985402,0
92317,5.70455E+18,1,3,0,,1.53806E+12,gh_486994bdc191,新的一年有什么愿望吗？,,,{,,,38,,-1,,674985403,0
92318,8.23733E+18,1,3,1,,1.53806E+12,gh_486994bdc191,你和女士什么关系呢？,,,{,,,38,,-1,,674985404,0
92319,4.08387E+18,1,3,0,,1.53806E+12,gh_486994bdc191,就是情侣关系啊,,,{,,,38,,-1,,674985405,0
92320,6.53027E+18,1,3,1,,1.53806E+12,gh_486994bdc191,换一个环境，出去走一走或许对你有帮助！,,,{,,,38,,-1,,674985406,0
92321,8.75748E+18,1,3,0,,1.53806E+12,gh_486994bdc191,出去换个环境吧。,,,{,,,38,,-1,,674985407,0
92322,8.4888E+18,1,3,1,,1.53806E+12,gh_486994bdc191,早起的鸟儿有虫吃哦。,,,{,,,38,,-1,,674985408,0
92323,9.05375E+18,1,3,0,,1.53806E+12,gh_486994bdc191,早起的狐狸有网上,,,{,,,38,,-1,,674985409,0
92324,7.73331E+18,1,3,1,,1.53806E+12,gh_486994bdc191,记得鼓掌点个赞。,,,{,,,38,,-1,,674985410,0
92325,5.80199E+18,1,3,1,,1.53806E+12,gh_486994bdc191,偷偷的说，保证不告诉别人！,,,{,,,38,,-1,,674985411,0
92326,4.77142E+18,1,3,0,,1.53806E+12,gh_486994bdc191,可以 望采纳,,,{,,,38,,-1,,674985412,0
92327,6.64893E+18,1,3,0,,1.53806E+12,gh_486994bdc191,谢谢捧场飞吻~,,,{,,,38,,-1,,674985413,0
92328,7.60426E+18,1,3,1,,1.53806E+12,gh_486994bdc191,早看出来关系不一般了。,,,{,,,38,,-1,,674985414,0
92329,1.44143E+18,1,3,0,,1.53806E+12,gh_486994bdc191,有什么电影,,,{,,,38,,-1,,674985415,0
92330,3.98117E+18,1,3,1,,1.53806E+12,gh_486994bdc191,环境的风景美不胜收，让人流连忘返。,,,{,,,38,,-1,,674985416,0
92331,3.21816E+18,1,3,0,,1.53806E+12,gh_486994bdc191,感觉很不错的旅行,,,{,,,38,,-1,,674985417,0
92332,2.38738E+18,1,3,1,,1.53806E+12,gh_486994bdc191,狐狸属于野生动物，一看就知道充满了野性与危险的气息。,,,{,,,38,,-1,,674985418,0
92333,7.04026E+18,1,3,0,,1.53806E+12,gh_486994bdc191,充满了危险的气息。,,,{,,,38,,-1,,674985419,0
92334,4.02183E+18,1,3,1,,1.53806E+12,gh_486994bdc191,已采纳！,,,{,,,38,,-1,,674985420,0
92335,4.97743E+18,1,3,0,,1.53806E+12,gh_486994bdc191,你说什么我没听见，再说100遍,,,{,,,38,,-1,,674985421,0
92336,6.80142E+18,1,3,1,,1.53806E+12,gh_486994bdc191,这么说就显得见外了。,,,{,,,38,,-1,,674985422,0
92337,8.41461E+17,1,3,0,,1.53806E+12,gh_486994bdc191,我在被子里等你，不跟你客气,,,{,,,38,,-1,,674985423,0
92338,8.9396E+18,1,3,1,,1.53806E+12,gh_486994bdc191,哈哈，这个我也喜欢哦~据说很不错哈~,,,{,,,38,,-1,,674985424,0
92339,4.97614E+18,1,3,0,,1.53806E+12,gh_486994bdc191,很不错介绍下咋个不错,,,{,,,38,,-1,,674985425,0
92340,6.13344E+18,1,3,1,,1.53806E+12,gh_486994bdc191,情绪犹如温度计，能使人沸腾，也能使人冷却。,,,{,,,38,,-1,,674985426,0
92341,4.49433E+18,1,3,0,,1.53806E+12,gh_486994bdc191,不要冷却~：）。,,,{,,,38,,-1,,674985427,0
92342,4.61533E+18,1,3,1,,1.53806E+12,gh_486994bdc191,充满什么样的气息？,,,{,,,38,,-1,,674985428,0
92343,5.40307E+18,1,3,0,,1.53806E+12,gh_486994bdc191,文艺的气息,,,{,,,38,,-1,,674985429,0
92344,5.4949E+18,1,3,1,,1.53806E+12,gh_486994bdc191,50加50等于100。,,,{,,,38,,-1,,674985430,0
92345,9.57225E+17,1,3,0,,1.53806E+12,gh_486994bdc191,你说得很对，看来你很懂嘛~,,,{,,,38,,-1,,674985431,0
92346,6.16374E+17,1,3,1,,1.53806E+12,gh_486994bdc191,学弟　客气点　有糖吃哟,,,{,,,38,,-1,,674985432,0
92347,4.71968E+18,1,3,0,,1.53806E+12,gh_486994bdc191,我想吃芒果,,,{,,,38,,-1,,674985433,0
92349,6.06931E+18,1,3,1,,1.53806E+12,gh_486994bdc191,过得去的标准不同，看个人,,,{,,,38,,-1,,674985435,0
92350,1.58701E+18,1,3,0,,1.53806E+12,gh_486994bdc191,爱一 个人是没有标准的。,,,{,,,38,,-1,,674985436,0
92351,6.42159E+18,1,3,1,,1.53806E+12,gh_486994bdc191,你能告诉我你问这个的真实目的么？,,,{,,,38,,-1,,674985437,0
92352,5.19736E+18,1,3,0,,1.53806E+12,gh_486994bdc191,这年头谁知道呢,,,{,,,38,,-1,,674985438,0
92353,5.13764E+18,1,3,1,,1.53806E+12,gh_486994bdc191,怎么闻出来的？,,,{,,,38,,-1,,674985439,0
92354,8.4317E+18,1,3,0,,1.53806E+12,gh_486994bdc191,酸甜也可以闻出来的啊,,,{,,,38,,-1,,674985440,0
92355,4.20452E+18,1,3,1,,1.53806E+12,gh_486994bdc191,那是，你现在被我彻底折服了吧。,,,{,,,38,,-1,,674985441,0
92356,3.54204E+18,1,3,0,,1.53806E+12,gh_486994bdc191,哈哈哈恭喜你答对了,,,{,,,38,,-1,,674985442,0
92357,5.73658E+18,1,3,1,,1.53806E+12,gh_486994bdc191,不许吃，吃了会变成死胖子的！,,,{,,,38,,-1,,674985443,0
92358,9.11665E+18,1,3,0,,1.53806E+12,gh_486994bdc191,怎么减肥,,,{,,,38,,-1,,674985444,0
92359,7.39203E+18,1,3,1,,1.53806E+12,gh_486994bdc191,呵呵，那要看那个人是不是也是爱你的，如果是的话，就会了,,,{,,,38,,-1,,674985445,0
92360,3.33249E+18,1,3,0,,1.53806E+12,gh_486994bdc191,什么意思,,,{,,,38,,-1,,674985446,0
92361,3.83773E+18,1,3,1,,1.53806E+12,gh_486994bdc191,这倒是，世事难料啊,,,{,,,38,,-1,,674985447,0
92362,4.76369E+18,1,3,0,,1.53806E+12,gh_486994bdc191,祝福然后安静走开,,,{,,,38,,-1,,674985448,0
92363,1.63869E+18,1,3,1,,1.53806E+12,gh_486994bdc191,虚心使人进步，进步使人骄傲，骄傲使人落后。,,,{,,,38,,-1,,674985449,0
92364,4.18004E+18,1,3,0,,1.53806E+12,gh_486994bdc191,我不虚心，也不骄傲，所以我原地踏步,,,{,,,38,,-1,,674985450,0
92365,7.67415E+18,1,3,1,,1.53806E+12,gh_486994bdc191,答对了有没有奖励,,,{,,,38,,-1,,674985451,0
92366,2.41079E+18,1,3,0,,1.53806E+12,gh_486994bdc191,奖励一个棒棒糖,,,{,,,38,,-1,,674985452,0
92367,5.24328E+18,1,3,1,,1.53806E+12,gh_486994bdc191,休息饮食结合运动,,,{,,,38,,-1,,674985453,0
92368,2.88072E+17,1,3,0,,1.53806E+12,gh_486994bdc191,放假什么的最爱了，好好玩啊~,,,{,,,38,,-1,,674985454,0
92369,4.31267E+18,1,3,1,,1.53806E+12,gh_486994bdc191,哈哈，米什么意思啊,,,{,,,38,,-1,,674985455,0
92370,9.10032E+18,1,3,0,,1.53806E+12,gh_486994bdc191,猜来猜去米啥意思。,,,{,,,38,,-1,,674985456,0
92371,6.35633E+18,1,3,1,,1.53806E+12,gh_486994bdc191,干嘛总让我走开,,,{,,,38,,-1,,674985457,0
92372,6.58723E+18,1,3,0,,1.53806E+12,gh_486994bdc191,谁给你的勇气,,,{,,,38,,-1,,674985458,0
92373,8.48465E+18,1,3,1,,1.53806E+12,gh_486994bdc191,不是吧？,,,{,,,38,,-1,,674985459,0
92374,4.9473E+17,1,3,0,,1.53806E+12,gh_486994bdc191,对了，那个叫《勇气》的歌知道吧,,,{,,,38,,-1,,674985460,0
92375,6.881E+18,1,3,1,,1.53806E+12,gh_486994bdc191,我不吃糖现在就够重了,,,{,,,38,,-1,,674985461,0
92376,1.20836E+17,1,3,0,,1.53806E+12,gh_486994bdc191,那你吃糖么,,,{,,,38,,-1,,674985462,0
92377,2.0902E+18,1,3,1,,1.53806E+12,gh_486994bdc191,什么好好玩呀，也带人家一起嘛。,,,{,,,38,,-1,,674985463,0
92378,4.59311E+18,1,3,0,,1.53806E+12,gh_486994bdc191,好好玩玩你,,,{,,,38,,-1,,674985464,0
92379,7.74052E+18,1,3,1,,1.53806E+12,gh_486994bdc191,这是你猜不到的借口吧！,,,{,,,38,,-1,,674985465,0
92380,5.02105E+18,1,3,0,,1.53806E+12,gh_486994bdc191,为什么是借口？。,,,{,,,38,,-1,,674985466,0
92381,1.73379E+18,1,3,1,,1.53806E+12,gh_486994bdc191,你呀,,,{,,,38,,-1,,674985467,0
92382,2.9699E+18,1,3,0,,1.53806E+12,gh_486994bdc191,you happy jiu ok,,,{,,,38,,-1,,674985468,0
92383,4.43446E+18,1,3,1,,1.53806E+12,gh_486994bdc191,你又开始突发奇想了。,,,{,,,38,,-1,,674985469,0
92384,2.40874E+18,1,3,0,,1.53806E+12,gh_486994bdc191,我又开始想了,,,{,,,38,,-1,,674985470,0
92385,8.15632E+18,1,3,1,,1.53806E+12,gh_486994bdc191,我不吃,,,{,,,38,,-1,,674985471,0
92386,3.46021E+18,1,3,0,,1.53806E+12,gh_486994bdc191,为啥不吃？,,,{,,,38,,-1,,674985472,0
92387,4.48193E+18,1,3,0,,1.53806E+12,gh_486994bdc191,（心想：吃货本性暴露了）,,,{,,,38,,-1,,674985473,0
92388,8.52752E+18,1,3,1,,1.53806E+12,gh_486994bdc191,嗯嗯我老在玩呢,,,{,,,38,,-1,,674985474,0
92389,2.48381E+18,1,3,0,,1.53806E+12,gh_486994bdc191,你玩什么游戏呢,,,{,,,38,,-1,,674985475,0
92390,4.86673E+18,1,3,1,,1.53806E+12,gh_486994bdc191,还是直视问题的人勇敢，可不要总找借口啊。,,,{,,,38,,-1,,674985476,0
92391,4.87726E+18,1,3,0,,1.53806E+12,gh_486994bdc191,借口 啊 都是 借口,,,{,,,38,,-1,,674985477,0
92392,1.23907E+18,1,3,1,,1.53806E+12,gh_486994bdc191,你开心喝酒好了,,,{,,,38,,-1,,674985478,0
92393,1.04936E+18,1,3,0,,1.53806E+12,gh_486994bdc191,小菜一碟啊~,,,{,,,38,,-1,,674985479,0
92394,1.21836E+18,1,3,1,,1.53806E+12,gh_486994bdc191,一起吗？,,,{,,,38,,-1,,674985480,0
92395,4.66299E+18,1,3,0,,1.53806E+12,gh_486994bdc191,是不是嘛.,,,{,,,38,,-1,,674985481,0
92396,2.24556E+18,1,3,1,,1.53806E+12,gh_486994bdc191,没吃的,,,{,,,38,,-1,,674985482,0
92397,5.47292E+18,1,3,0,,1.53806E+12,gh_486994bdc191,然后就会长胖！,,,{,,,38,,-1,,674985483,0
92398,6.56163E+18,1,3,1,,1.53806E+12,gh_486994bdc191,你这句话把握搞懵了。,,,{,,,38,,-1,,674985484,0
92399,7.80969E+18,1,3,0,,1.53806E+12,gh_486994bdc191,我也已经懵了。,,,{,,,38,,-1,,674985485,0
92400,6.74074E+18,1,3,1,,1.53806E+12,gh_486994bdc191,好灏『,,,{,,,38,,-1,,674985486,0
92401,2.04944E+18,1,3,0,,1.53806E+12,gh_486994bdc191,那好吧......。,,,{,,,38,,-1,,674985487,0
92402,4.81163E+18,1,3,1,,1.53806E+12,gh_486994bdc191,借口被拆穿后会显得特别可笑,,,{,,,38,,-1,,674985488,0
92403,7.80161E+18,1,3,0,,1.53806E+12,gh_486994bdc191,你自己，显得很可笑。,,,{,,,38,,-1,,674985489,0
92404,5.14215E+18,1,3,1,,1.53806E+12,gh_486994bdc191,哟，这么厉害呀！,,,{,,,38,,-1,,674985490,0
92405,1.75812E+18,1,3,0,,1.53806E+12,gh_486994bdc191,还没开.一般厉害.,,,{,,,38,,-1,,674985491,0
92406,5.92902E+18,1,3,1,,1.53806E+12,gh_486994bdc191,真的,,,{,,,38,,-1,,674985492,0
92407,2.14672E+18,1,3,0,,1.53806E+12,gh_486994bdc191,为什么..,,,{,,,38,,-1,,674985493,0
92408,8.66429E+18,1,3,1,,1.53806E+12,gh_486994bdc191,吃饱就会长胖吗,,,{,,,38,,-1,,674985494,0
92409,5.68564E+18,1,3,0,,1.53806E+12,gh_486994bdc191,吃多会长胖的。,,,{,,,38,,-1,,674985495,0
92410,6.56705E+18,1,3,1,,1.53806E+12,gh_486994bdc191,别懵啊。剧情很好懂啊。,,,{,,,38,,-1,,674985496,0
92411,5.90602E+18,1,3,0,,1.53806E+12,gh_486994bdc191,不是很懂这剧情。,,,{,,,38,,-1,,674985497,0
92412,8.31048E+18,1,3,1,,1.53806E+12,gh_486994bdc191,这个表情很可爱呢！,,,{,,,38,,-1,,674985498,0
92413,6.8536E+18,1,3,0,,1.53806E+12,gh_486994bdc191,哈哈哈，真的好可爱，那表情。,,,{,,,38,,-1,,674985499,0
92414,5.91964E+18,1,3,1,,1.53806E+12,gh_486994bdc191,笑我傻？,,,{,,,38,,-1,,674985500,0
92415,8.31979E+18,1,3,0,,1.53806E+12,gh_486994bdc191,朕聪明但朕也可爱.,,,{,,,38,,-1,,674985501,0
92416,4.46684E+18,1,3,1,,1.53806E+12,gh_486994bdc191,不厉害。,,,{,,,38,,-1,,674985502,0
92417,6.01337E+18,1,3,0,,1.53806E+12,gh_486994bdc191,当然厉害,,,{,,,38,,-1,,674985503,0
92418,1.56555E+18,1,3,1,,1.53806E+12,gh_486994bdc191,不错,,,{,,,38,,-1,,674985504,0
92419,6.87441E+18,1,3,1,,1.53806E+12,gh_486994bdc191,来吧晚上吃饭减肥,,,{,,,38,,-1,,674985505,0
92420,8.36916E+18,1,3,0,,1.53806E+12,gh_486994bdc191,减肥呢，晚上不吃饭。,,,{,,,38,,-1,,674985506,0
92421,8.44454E+18,1,3,1,,1.53806E+12,gh_486994bdc191,我只一笑不说话,,,{,,,38,,-1,,674985507,0
92422,4.76701E+18,1,3,0,,1.53806E+12,gh_486994bdc191,我只笑笑，礼貌回复,,,{,,,38,,-1,,674985508,0
92423,9.18374E+18,1,3,0,,1.53806E+12,gh_486994bdc191,还好还好..,,,{,,,38,,-1,,674985509,0
92424,1.19442E+18,1,3,1,,1.53806E+12,gh_486994bdc191,好有杀伤力的小眼神,,,{,,,38,,-1,,674985510,0
92425,8.34472E+17,1,3,0,,1.53806E+12,gh_486994bdc191,眼神能用文字描述吗??,,,{,,,38,,-1,,674985511,0
92426,6.37546E+18,1,3,1,,1.53806E+12,gh_486994bdc191,朕是别人给你起的还是自封的？,,,{,,,38,,-1,,674985512,0
92427,3.72663E+18,1,3,0,,1.53806E+12,gh_486994bdc191,也没有朕。,,,{,,,38,,-1,,674985513,0
92428,6.53937E+18,1,3,1,,1.53806E+12,gh_486994bdc191,粉一个呗～,,,{,,,38,,-1,,674985514,0
92429,5.73654E+18,1,3,0,,1.53806E+12,gh_486994bdc191,粉啦，小乖乖,,,{,,,38,,-1,,674985515,0
92430,7.34821E+18,1,3,1,,1.53806E+12,gh_486994bdc191,不会饿吗？,,,{,,,38,,-1,,674985516,0
92431,8.05775E+18,1,3,0,,1.53806E+12,gh_486994bdc191,吃恋爱饭,,,{,,,38,,-1,,674985517,0
92432,6.12081E+18,1,3,1,,1.53806E+12,gh_486994bdc191,你的笑而不语让我很是捉摸不透。,,,{,,,38,,-1,,674985518,0
92433,3.85641E+18,1,3,0,,1.53806E+12,gh_486994bdc191,捉摸不透天蝎。,,,{,,,38,,-1,,674985519,0
92434,2.46773E+18,1,3,1,,1.53806E+12,gh_486994bdc191,嗯，你答应了可别反悔啊,,,{,,,38,,-1,,674985520,0
92435,7.61735E+18,1,3,1,,1.53806E+12,gh_486994bdc191,透过话语会读懂一些心理。,,,{,,,38,,-1,,674985521,0
92436,9.16143E+18,1,3,0,,1.53806E+12,gh_486994bdc191,读得懂吗？。,,,{,,,38,,-1,,674985522,0
92437,2.76002E+18,1,3,1,,1.53806E+12,gh_486994bdc191,这么特别的自称，你还是叛逆青年啊。,,,{,,,38,,-1,,674985523,0
92438,9.08202E+18,1,3,0,,1.53806E+12,gh_486994bdc191,分手吧,,,{,,,38,,-1,,674985524,0
92439,8.86547E+17,1,3,0,,1.53806E+12,gh_486994bdc191,不是自嘲,,,{,,,38,,-1,,674985525,0
92440,5.29667E+17,1,3,1,,1.53806E+12,gh_486994bdc191,谁叫小乖乖？,,,{,,,38,,-1,,674985526,0
92441,7.90364E+18,1,3,0,,1.53806E+12,gh_486994bdc191,除了你还有谁？？,,,{,,,38,,-1,,674985527,0
92442,4.17772E+18,1,3,1,,1.53806E+12,gh_486994bdc191,你想表达什么意思？,,,{,,,38,,-1,,674985528,0
92443,5.84812E+18,1,3,0,,1.53806E+12,gh_486994bdc191,没什么.,,,{,,,38,,-1,,674985529,0
92444,8.97995E+18,1,3,1,,1.53806E+12,gh_486994bdc191,捉摸不透吧，小脑袋再挠也没用，笨。,,,{,,,38,,-1,,674985530,0
